attendance_id,session_id,student_id,attended,minutes_attended,absence_reason,recorded_at
ATT-000001,SES-00001,STU-00001,true,,,2025-09-02T16:34:00Z
ATT-000002,SES-00001,STU-00013,false,,no_show,2025-09-02T14:48:00Z
ATT-000003,SES-00001,STU-00019,false,,illness,2025-09-02T17:22:00Z
ATT-000004,SES-00001,STU-00025,false,,no_show,2025-09-02T15:11:00Z
ATT-000005,SES-00001,STU-00031,true,,,2025-09-02T16:58:00Z
ATT-000006,SES-00001,STU-00037,true,,,2025-09-02T16:36:00Z
ATT-000007,SES-00001,STU-00043,true,,,2025-09-02T15:53:00Z
ATT-000008,SES-00001,STU-00049,false,,unknown,2025-09-02T17:34:00Z
ATT-000009,SES-00001,STU-00055,true,,,2025-09-02T14:03:00Z
ATT-000010,SES-00003,STU-00001,true,,,2025-09-04T18:30:00Z
ATT-000011,SES-00003,STU-00013,true,,,2025-09-04T15:51:00Z
ATT-000012,SES-00003,STU-00019,true,,,2025-09-04T16:03:00Z
ATT-000013,SES-00003,STU-00025,true,,,2025-09-04T15:49:00Z
ATT-000014,SES-00003,STU-00031,true,,,2025-09-04T16:04:00Z
ATT-000015,SES-00003,STU-00037,true,,,2025-09-04T17:37:00Z
ATT-000016,SES-00003,STU-00043,true,,,2025-09-04T15:10:00Z
ATT-000017,SES-00003,STU-00049,true,,,2025-09-04T17:41:00Z
ATT-000018,SES-00003,STU-00055,true,,,2025-09-04T18:44:00Z
ATT-000019,SES-00004,STU-00001,false,,family,2025-09-09T16:14:00Z
ATT-000020,SES-00004,STU-00013,true,,,2025-09-09T17:19:00Z
ATT-000021,SES-00004,STU-00019,true,,,2025-09-09T15:46:00Z
ATT-000022,SES-00004,STU-00025,true,,,2025-09-09T18:25:00Z
ATT-000023,SES-00004,STU-00031,false,,unknown,2025-09-09T18:02:00Z
ATT-000024,SES-00004,STU-00037,true,,,2025-09-09T18:14:00Z
ATT-000025,SES-00004,STU-00043,true,,,2025-09-09T17:09:00Z
ATT-000026,SES-00004,STU-00049,true,35,,2025-09-09T16:10:00Z
ATT-000027,SES-00004,STU-00055,true,,,2025-09-09T16:28:00Z
ATT-000028,SES-00005,STU-00001,true,,,2025-09-10T14:22:00Z
ATT-000029,SES-00005,STU-00013,true,,,2025-09-10T14:03:00Z
ATT-000030,SES-00005,STU-00019,true,,,2025-09-10T15:56:00Z
ATT-000031,SES-00005,STU-00025,true,,,2025-09-10T16:34:00Z
ATT-000032,SES-00005,STU-00031,true,,,2025-09-10T18:41:00Z
ATT-000033,SES-00005,STU-00037,true,,,2025-09-10T17:04:00Z
ATT-000034,SES-00005,STU-00043,true,30,,2025-09-10T16:16:00Z
ATT-000035,SES-00005,STU-00049,false,,illness,2025-09-10T15:56:00Z
ATT-000036,SES-00005,STU-00055,true,,,2025-09-10T18:57:00Z
ATT-000037,SES-00006,STU-00001,false,,school_conflict,2025-09-11T18:57:00Z
ATT-000038,SES-00006,STU-00013,true,40,,2025-09-11T15:38:00Z
ATT-000039,SES-00006,STU-00019,false,,illness,2025-09-11T14:21:00Z
ATT-000040,SES-00006,STU-00025,true,,,2025-09-11T18:46:00Z
ATT-000041,SES-00006,STU-00031,false,,school_conflict,2025-09-11T16:19:00Z
ATT-000042,SES-00006,STU-00037,true,39,,2025-09-11T18:53:00Z
ATT-000043,SES-00006,STU-00043,true,30,,2025-09-11T17:05:00Z
ATT-000044,SES-00006,STU-00049,true,,,2025-09-11T18:30:00Z
ATT-000045,SES-00006,STU-00055,true,32,,2025-09-11T16:05:00Z
ATT-000046,SES-00007,STU-00001,true,,,2025-09-16T17:30:00Z
ATT-000047,SES-00007,STU-00013,true,,,2025-09-16T14:41:00Z
ATT-000048,SES-00007,STU-00019,true,,,2025-09-16T17:23:00Z
ATT-000049,SES-00007,STU-00025,true,37,,2025-09-16T17:16:00Z
ATT-000050,SES-00007,STU-00031,true,,,2025-09-16T14:09:00Z
ATT-000051,SES-00007,STU-00037,true,,,2025-09-16T14:42:00Z
ATT-000052,SES-00007,STU-00043,true,,,2025-09-16T18:14:00Z
ATT-000053,SES-00007,STU-00049,true,,,2025-09-16T18:26:00Z
ATT-000054,SES-00007,STU-00055,false,,family,2025-09-16T17:36:00Z
ATT-000055,SES-00009,STU-00001,false,,school_conflict,2025-09-18T14:25:00Z
ATT-000056,SES-00009,STU-00013,false,,unknown,2025-09-18T18:36:00Z
ATT-000057,SES-00009,STU-00019,false,,unknown,2025-09-18T18:09:00Z
ATT-000058,SES-00009,STU-00025,true,,,2025-09-18T15:10:00Z
ATT-000059,SES-00009,STU-00031,false,,unknown,2025-09-18T15:02:00Z
ATT-000060,SES-00009,STU-00037,true,,,2025-09-18T17:12:00Z
ATT-000061,SES-00009,STU-00043,false,,family,2025-09-18T18:16:00Z
ATT-000062,SES-00009,STU-00049,true,,,2025-09-18T14:05:00Z
ATT-000063,SES-00009,STU-00055,true,,,2025-09-18T16:54:00Z
ATT-000064,SES-00010,STU-00001,true,,,2025-09-23T14:50:00Z
ATT-000065,SES-00010,STU-00013,true,,,2025-09-23T17:07:00Z
ATT-000066,SES-00010,STU-00019,true,,,2025-09-23T18:37:00Z
ATT-000067,SES-00010,STU-00025,true,,,2025-09-23T14:36:00Z
ATT-000068,SES-00010,STU-00031,true,,,2025-09-23T18:56:00Z
ATT-000069,SES-00010,STU-00037,true,,,2025-09-23T17:41:00Z
ATT-000070,SES-00010,STU-00043,true,,,2025-09-23T14:11:00Z
ATT-000071,SES-00010,STU-00049,true,,,2025-09-23T18:43:00Z
ATT-000072,SES-00010,STU-00055,true,44,,2025-09-23T16:44:00Z
ATT-000073,SES-00011,STU-00001,true,,,2025-09-24T16:57:00Z
ATT-000074,SES-00011,STU-00013,true,,,2025-09-24T16:19:00Z
ATT-000075,SES-00011,STU-00019,true,,,2025-09-24T14:55:00Z
ATT-000076,SES-00011,STU-00025,true,,,2025-09-24T17:49:00Z
ATT-000077,SES-00011,STU-00031,false,,illness,2025-09-24T17:38:00Z
ATT-000078,SES-00011,STU-00037,true,,,2025-09-24T15:58:00Z
ATT-000079,SES-00011,STU-00043,false,,unknown,2025-09-24T18:55:00Z
ATT-000080,SES-00011,STU-00049,true,42,,2025-09-24T15:04:00Z
ATT-000081,SES-00011,STU-00055,true,,,2025-09-24T15:49:00Z
ATT-000082,SES-00012,STU-00001,false,,unknown,2025-09-25T14:11:00Z
ATT-000083,SES-00012,STU-00013,true,,,2025-09-25T14:15:00Z
ATT-000084,SES-00012,STU-00019,true,35,,2025-09-25T15:17:00Z
ATT-000085,SES-00012,STU-00025,true,,,2025-09-25T17:40:00Z
ATT-000086,SES-00012,STU-00031,false,,family,2025-09-25T15:23:00Z
ATT-000087,SES-00012,STU-00037,true,,,2025-09-25T17:37:00Z
ATT-000088,SES-00012,STU-00043,true,,,2025-09-25T16:47:00Z
ATT-000089,SES-00012,STU-00049,false,,illness,2025-09-25T14:24:00Z
ATT-000090,SES-00012,STU-00055,true,,,2025-09-25T15:54:00Z
ATT-000091,SES-00017,STU-00001,true,,,2025-10-08T15:17:00Z
ATT-000092,SES-00017,STU-00013,true,,,2025-10-08T14:30:00Z
ATT-000093,SES-00017,STU-00019,false,,family,2025-10-08T18:51:00Z
ATT-000094,SES-00017,STU-00025,true,,,2025-10-08T16:45:00Z
ATT-000095,SES-00017,STU-00031,false,,family,2025-10-08T17:57:00Z
ATT-000096,SES-00017,STU-00037,true,,,2025-10-08T16:13:00Z
ATT-000097,SES-00017,STU-00043,true,,,2025-10-08T18:25:00Z
ATT-000098,SES-00017,STU-00049,true,40,,2025-10-08T16:35:00Z
ATT-000099,SES-00017,STU-00055,true,,,2025-10-08T16:43:00Z
ATT-000100,SES-00018,STU-00001,true,34,,2025-10-09T16:55:00Z
ATT-000101,SES-00018,STU-00013,true,,,2025-10-09T16:12:00Z
ATT-000102,SES-00018,STU-00019,true,,,2025-10-09T14:51:00Z
ATT-000103,SES-00018,STU-00025,false,,unknown,2025-10-09T17:42:00Z
ATT-000104,SES-00018,STU-00031,true,,,2025-10-09T14:41:00Z
ATT-000105,SES-00018,STU-00037,true,,,2025-10-09T17:25:00Z
ATT-000106,SES-00018,STU-00043,true,41,,2025-10-09T18:52:00Z
ATT-000107,SES-00018,STU-00049,true,,,2025-10-09T15:43:00Z
ATT-000108,SES-00018,STU-00055,true,,,2025-10-09T16:32:00Z
ATT-000109,SES-00019,STU-00001,true,,,2025-10-14T18:11:00Z
ATT-000110,SES-00019,STU-00013,true,,,2025-10-14T16:46:00Z
ATT-000111,SES-00019,STU-00019,true,,,2025-10-14T15:43:00Z
ATT-000112,SES-00019,STU-00025,false,,family,2025-10-14T15:22:00Z
ATT-000113,SES-00019,STU-00031,true,,,2025-10-14T17:50:00Z
ATT-000114,SES-00019,STU-00037,false,,school_conflict,2025-10-14T18:18:00Z
ATT-000115,SES-00019,STU-00043,true,,,2025-10-14T14:55:00Z
ATT-000116,SES-00019,STU-00049,true,,,2025-10-14T18:04:00Z
ATT-000117,SES-00019,STU-00055,true,,,2025-10-14T14:55:00Z
ATT-000118,SES-00020,STU-00001,true,,,2025-10-15T17:03:00Z
ATT-000119,SES-00020,STU-00013,false,,illness,2025-10-15T15:21:00Z
ATT-000120,SES-00020,STU-00019,true,,,2025-10-15T17:09:00Z
ATT-000121,SES-00020,STU-00025,true,,,2025-10-15T14:31:00Z
ATT-000122,SES-00020,STU-00031,true,,,2025-10-15T16:40:00Z
ATT-000123,SES-00020,STU-00037,true,,,2025-10-15T15:48:00Z
ATT-000124,SES-00020,STU-00043,true,,,2025-10-15T15:31:00Z
ATT-000125,SES-00020,STU-00049,true,,,2025-10-15T15:39:00Z
ATT-000126,SES-00020,STU-00055,true,,,2025-10-15T17:30:00Z
ATT-000127,SES-00022,STU-00001,true,33,,2025-10-21T16:00:00Z
ATT-000128,SES-00022,STU-00013,false,,unknown,2025-10-21T18:12:00Z
ATT-000129,SES-00022,STU-00019,true,41,,2025-10-21T15:14:00Z
ATT-000130,SES-00022,STU-00025,true,,,2025-10-21T15:06:00Z
ATT-000131,SES-00022,STU-00031,true,,,2025-10-21T15:04:00Z
ATT-000132,SES-00022,STU-00037,false,,illness,2025-10-21T16:29:00Z
ATT-000133,SES-00022,STU-00043,true,,,2025-10-21T16:27:00Z
ATT-000134,SES-00022,STU-00049,false,,no_show,2025-10-21T16:57:00Z
ATT-000135,SES-00022,STU-00055,true,,,2025-10-21T15:58:00Z
ATT-000136,SES-00023,STU-00001,false,,school_conflict,2025-10-22T15:14:00Z
ATT-000137,SES-00023,STU-00013,false,,illness,2025-10-22T14:37:00Z
ATT-000138,SES-00023,STU-00019,true,,,2025-10-22T14:24:00Z
ATT-000139,SES-00023,STU-00025,false,,illness,2025-10-22T18:39:00Z
ATT-000140,SES-00023,STU-00031,true,,,2025-10-22T14:41:00Z
ATT-000141,SES-00023,STU-00037,false,,illness,2025-10-22T14:26:00Z
ATT-000142,SES-00023,STU-00043,true,,,2025-10-22T16:30:00Z
ATT-000143,SES-00023,STU-00049,true,,,2025-10-22T14:19:00Z
ATT-000144,SES-00023,STU-00055,true,,,2025-10-22T18:17:00Z
ATT-000145,SES-00024,STU-00001,true,,,2025-10-23T17:53:00Z
ATT-000146,SES-00024,STU-00013,false,,school_conflict,2025-10-23T18:07:00Z
ATT-000147,SES-00024,STU-00019,true,,,2025-10-23T17:12:00Z
ATT-000148,SES-00024,STU-00025,true,,,2025-10-23T18:12:00Z
ATT-000149,SES-00024,STU-00031,true,,,2025-10-23T15:02:00Z
ATT-000150,SES-00024,STU-00037,true,,,2025-10-23T17:21:00Z
ATT-000151,SES-00024,STU-00043,true,31,,2025-10-23T14:53:00Z
ATT-000152,SES-00024,STU-00049,true,,,2025-10-23T14:49:00Z
ATT-000153,SES-00024,STU-00055,true,,,2025-10-23T14:57:00Z
ATT-000154,SES-00025,STU-00001,true,,,2025-10-28T16:16:00Z
ATT-000155,SES-00025,STU-00013,true,,,2025-10-28T15:55:00Z
ATT-000156,SES-00025,STU-00019,true,,,2025-10-28T16:27:00Z
ATT-000157,SES-00025,STU-00025,true,,,2025-10-28T14:00:00Z
ATT-000158,SES-00025,STU-00031,false,,family,2025-10-28T15:21:00Z
ATT-000159,SES-00025,STU-00037,true,,,2025-10-28T18:17:00Z
ATT-000160,SES-00025,STU-00043,false,,illness,2025-10-28T16:11:00Z
ATT-000161,SES-00025,STU-00049,true,,,2025-10-28T17:17:00Z
ATT-000162,SES-00025,STU-00055,false,,family,2025-10-28T17:51:00Z
ATT-000163,SES-00026,STU-00001,true,,,2025-10-29T15:07:00Z
ATT-000164,SES-00026,STU-00013,true,,,2025-10-29T15:06:00Z
ATT-000165,SES-00026,STU-00019,true,,,2025-10-29T18:43:00Z
ATT-000166,SES-00026,STU-00025,true,,,2025-10-29T16:39:00Z
ATT-000167,SES-00026,STU-00031,true,,,2025-10-29T15:30:00Z
ATT-000168,SES-00026,STU-00037,false,,illness,2025-10-29T17:28:00Z
ATT-000169,SES-00026,STU-00043,true,,,2025-10-29T16:00:00Z
ATT-000170,SES-00026,STU-00049,true,,,2025-10-29T18:46:00Z
ATT-000171,SES-00026,STU-00055,true,,,2025-10-29T16:33:00Z
ATT-000172,SES-00027,STU-00001,true,,,2025-10-30T14:27:00Z
ATT-000173,SES-00027,STU-00013,true,,,2025-10-30T16:42:00Z
ATT-000174,SES-00027,STU-00019,true,,,2025-10-30T18:57:00Z
ATT-000175,SES-00027,STU-00025,false,,illness,2025-10-30T15:32:00Z
ATT-000176,SES-00027,STU-00031,false,,unknown,2025-10-30T15:04:00Z
ATT-000177,SES-00027,STU-00037,true,,,2025-10-30T16:17:00Z
ATT-000178,SES-00027,STU-00043,true,,,2025-10-30T17:25:00Z
ATT-000179,SES-00027,STU-00049,true,37,,2025-10-30T18:28:00Z
ATT-000180,SES-00027,STU-00055,true,,,2025-10-30T16:07:00Z
ATT-000181,SES-00028,STU-00001,false,,unknown,2025-11-04T14:06:00Z
ATT-000182,SES-00028,STU-00013,true,38,,2025-11-04T14:52:00Z
ATT-000183,SES-00028,STU-00019,true,,,2025-11-04T18:40:00Z
ATT-000184,SES-00028,STU-00025,true,,,2025-11-04T15:41:00Z
ATT-000185,SES-00028,STU-00031,true,,,2025-11-04T16:52:00Z
ATT-000186,SES-00028,STU-00037,true,,,2025-11-04T17:21:00Z
ATT-000187,SES-00028,STU-00043,true,,,2025-11-04T17:45:00Z
ATT-000188,SES-00028,STU-00049,true,,,2025-11-04T14:06:00Z
ATT-000189,SES-00028,STU-00055,true,,,2025-11-04T16:22:00Z
ATT-000190,SES-00029,STU-00001,false,,no_show,2025-11-05T16:35:00Z
ATT-000191,SES-00029,STU-00013,true,,,2025-11-05T14:57:00Z
ATT-000192,SES-00029,STU-00019,true,,,2025-11-05T17:06:00Z
ATT-000193,SES-00029,STU-00025,true,,,2025-11-05T14:59:00Z
ATT-000194,SES-00029,STU-00031,false,,illness,2025-11-05T15:45:00Z
ATT-000195,SES-00029,STU-00037,true,,,2025-11-05T14:59:00Z
ATT-000196,SES-00029,STU-00043,true,,,2025-11-05T14:49:00Z
ATT-000197,SES-00029,STU-00049,false,,school_conflict,2025-11-05T18:32:00Z
ATT-000198,SES-00029,STU-00055,true,,,2025-11-05T18:47:00Z
ATT-000199,SES-00030,STU-00001,true,,,2025-11-06T18:30:00Z
ATT-000200,SES-00030,STU-00013,false,,unknown,2025-11-06T15:44:00Z
ATT-000201,SES-00030,STU-00019,true,,,2025-11-06T15:06:00Z
ATT-000202,SES-00030,STU-00025,true,,,2025-11-06T16:32:00Z
ATT-000203,SES-00030,STU-00031,false,,school_conflict,2025-11-06T18:58:00Z
ATT-000204,SES-00030,STU-00037,true,,,2025-11-06T17:21:00Z
ATT-000205,SES-00030,STU-00043,false,,school_conflict,2025-11-06T15:08:00Z
ATT-000206,SES-00030,STU-00049,true,,,2025-11-06T18:19:00Z
ATT-000207,SES-00030,STU-00055,false,,school_conflict,2025-11-06T16:45:00Z
ATT-000208,SES-00031,STU-00001,true,,,2025-11-11T15:12:00Z
ATT-000209,SES-00031,STU-00013,true,,,2025-11-11T16:58:00Z
ATT-000210,SES-00031,STU-00019,true,,,2025-11-11T15:32:00Z
ATT-000211,SES-00031,STU-00025,true,,,2025-11-11T14:48:00Z
ATT-000212,SES-00031,STU-00031,true,,,2025-11-11T18:42:00Z
ATT-000213,SES-00031,STU-00037,true,,,2025-11-11T18:18:00Z
ATT-000214,SES-00031,STU-00043,false,,school_conflict,2025-11-11T14:33:00Z
ATT-000215,SES-00031,STU-00049,true,,,2025-11-11T14:42:00Z
ATT-000216,SES-00031,STU-00055,true,,,2025-11-11T15:18:00Z
ATT-000217,SES-00032,STU-00001,true,,,2025-11-12T14:44:00Z
ATT-000218,SES-00032,STU-00013,false,,illness,2025-11-12T18:02:00Z
ATT-000219,SES-00032,STU-00019,true,,,2025-11-12T18:55:00Z
ATT-000220,SES-00032,STU-00025,true,,,2025-11-12T15:47:00Z
ATT-000221,SES-00032,STU-00031,true,,,2025-11-12T18:50:00Z
ATT-000222,SES-00032,STU-00037,true,,,2025-11-12T14:59:00Z
ATT-000223,SES-00032,STU-00043,true,,,2025-11-12T16:35:00Z
ATT-000224,SES-00032,STU-00049,true,,,2025-11-12T15:39:00Z
ATT-000225,SES-00032,STU-00055,false,,unknown,2025-11-12T17:53:00Z
ATT-000226,SES-00033,STU-00001,true,,,2025-11-13T16:48:00Z
ATT-000227,SES-00033,STU-00013,true,,,2025-11-13T15:49:00Z
ATT-000228,SES-00033,STU-00019,true,,,2025-11-13T17:11:00Z
ATT-000229,SES-00033,STU-00025,false,,illness,2025-11-13T15:47:00Z
ATT-000230,SES-00033,STU-00031,true,,,2025-11-13T17:17:00Z
ATT-000231,SES-00033,STU-00037,true,,,2025-11-13T18:54:00Z
ATT-000232,SES-00033,STU-00043,true,,,2025-11-13T15:02:00Z
ATT-000233,SES-00033,STU-00049,true,,,2025-11-13T14:49:00Z
ATT-000234,SES-00033,STU-00055,false,,family,2025-11-13T16:31:00Z
ATT-000235,SES-00034,STU-00001,true,,,2025-11-18T14:50:00Z
ATT-000236,SES-00034,STU-00013,true,,,2025-11-18T15:33:00Z
ATT-000237,SES-00034,STU-00019,true,,,2025-11-18T17:34:00Z
ATT-000238,SES-00034,STU-00025,true,,,2025-11-18T15:56:00Z
ATT-000239,SES-00034,STU-00031,true,,,2025-11-18T16:18:00Z
ATT-000240,SES-00034,STU-00037,true,,,2025-11-18T18:30:00Z
ATT-000241,SES-00034,STU-00043,false,,unknown,2025-11-18T14:07:00Z
ATT-000242,SES-00034,STU-00049,true,,,2025-11-18T18:58:00Z
ATT-000243,SES-00034,STU-00055,true,,,2025-11-18T16:24:00Z
ATT-000244,SES-00035,STU-00001,false,,no_show,2025-11-19T17:16:00Z
ATT-000245,SES-00035,STU-00013,true,,,2025-11-19T18:52:00Z
ATT-000246,SES-00035,STU-00019,true,,,2025-11-19T18:28:00Z
ATT-000247,SES-00035,STU-00025,true,,,2025-11-19T15:20:00Z
ATT-000248,SES-00035,STU-00031,true,,,2025-11-19T15:49:00Z
ATT-000249,SES-00035,STU-00037,true,31,,2025-11-19T15:42:00Z
ATT-000250,SES-00035,STU-00043,true,,,2025-11-19T17:53:00Z
ATT-000251,SES-00035,STU-00049,true,,,2025-11-19T17:41:00Z
ATT-000252,SES-00035,STU-00055,true,40,,2025-11-19T15:01:00Z
ATT-000253,SES-00036,STU-00001,true,,,2025-11-20T14:04:00Z
ATT-000254,SES-00036,STU-00013,true,,,2025-11-20T18:04:00Z
ATT-000255,SES-00036,STU-00019,true,,,2025-11-20T16:26:00Z
ATT-000256,SES-00036,STU-00025,true,,,2025-11-20T17:20:00Z
ATT-000257,SES-00036,STU-00031,true,,,2025-11-20T18:00:00Z
ATT-000258,SES-00036,STU-00037,true,,,2025-11-20T18:02:00Z
ATT-000259,SES-00036,STU-00043,true,44,,2025-11-20T18:06:00Z
ATT-000260,SES-00036,STU-00049,true,,,2025-11-20T18:05:00Z
ATT-000261,SES-00036,STU-00055,true,,,2025-11-20T17:25:00Z
ATT-000262,SES-00038,STU-00001,false,,illness,2025-11-26T15:34:00Z
ATT-000263,SES-00038,STU-00013,true,,,2025-11-26T18:18:00Z
ATT-000264,SES-00038,STU-00019,false,,illness,2025-11-26T16:00:00Z
ATT-000265,SES-00038,STU-00025,true,,,2025-11-26T14:02:00Z
ATT-000266,SES-00038,STU-00031,true,,,2025-11-26T18:35:00Z
ATT-000267,SES-00038,STU-00037,false,,school_conflict,2025-11-26T16:13:00Z
ATT-000268,SES-00038,STU-00043,true,,,2025-11-26T18:09:00Z
ATT-000269,SES-00038,STU-00049,true,,,2025-11-26T16:12:00Z
ATT-000270,SES-00038,STU-00055,true,,,2025-11-26T18:54:00Z
ATT-000271,SES-00039,STU-00001,true,,,2025-11-27T18:29:00Z
ATT-000272,SES-00039,STU-00013,true,40,,2025-11-27T14:16:00Z
ATT-000273,SES-00039,STU-00019,true,,,2025-11-27T17:21:00Z
ATT-000274,SES-00039,STU-00025,true,,,2025-11-27T15:06:00Z
ATT-000275,SES-00039,STU-00031,true,33,,2025-11-27T16:31:00Z
ATT-000276,SES-00039,STU-00037,true,,,2025-11-27T16:44:00Z
ATT-000277,SES-00039,STU-00043,true,,,2025-11-27T16:51:00Z
ATT-000278,SES-00039,STU-00049,true,,,2025-11-27T14:20:00Z
ATT-000279,SES-00039,STU-00055,true,,,2025-11-27T17:17:00Z
ATT-000280,SES-00040,STU-00008,false,,illness,2025-09-02T16:56:00Z
ATT-000281,SES-00040,STU-00020,true,,,2025-09-02T16:31:00Z
ATT-000282,SES-00040,STU-00026,true,,,2025-09-02T18:05:00Z
ATT-000283,SES-00040,STU-00032,false,,unknown,2025-09-02T15:57:00Z
ATT-000284,SES-00040,STU-00044,true,,,2025-09-02T14:46:00Z
ATT-000285,SES-00040,STU-00050,true,38,,2025-09-02T14:52:00Z
ATT-000286,SES-00040,STU-00056,true,,,2025-09-02T18:13:00Z
ATT-000287,SES-00041,STU-00008,false,,family,2025-09-04T18:57:00Z
ATT-000288,SES-00041,STU-00020,false,,school_conflict,2025-09-04T15:23:00Z
ATT-000289,SES-00041,STU-00026,true,,,2025-09-04T18:46:00Z
ATT-000290,SES-00041,STU-00032,false,,illness,2025-09-04T18:32:00Z
ATT-000291,SES-00041,STU-00044,true,,,2025-09-04T14:42:00Z
ATT-000292,SES-00041,STU-00050,true,,,2025-09-04T18:43:00Z
ATT-000293,SES-00041,STU-00056,true,,,2025-09-04T17:10:00Z
ATT-000294,SES-00042,STU-00008,true,,,2025-09-05T15:47:00Z
ATT-000295,SES-00042,STU-00020,true,,,2025-09-05T14:14:00Z
ATT-000296,SES-00042,STU-00026,true,,,2025-09-05T16:23:00Z
ATT-000297,SES-00042,STU-00032,true,,,2025-09-05T18:58:00Z
ATT-000298,SES-00042,STU-00044,true,,,2025-09-05T17:56:00Z
ATT-000299,SES-00042,STU-00050,true,,,2025-09-05T16:06:00Z
ATT-000300,SES-00042,STU-00056,true,,,2025-09-05T16:53:00Z
ATT-000301,SES-00043,STU-00008,true,,,2025-09-09T18:11:00Z
ATT-000302,SES-00043,STU-00020,true,,,2025-09-09T18:41:00Z
ATT-000303,SES-00043,STU-00026,false,,illness,2025-09-09T16:24:00Z
ATT-000304,SES-00043,STU-00032,false,,illness,2025-09-09T17:22:00Z
ATT-000305,SES-00043,STU-00044,true,,,2025-09-09T17:56:00Z
ATT-000306,SES-00043,STU-00050,true,,,2025-09-09T15:28:00Z
ATT-000307,SES-00043,STU-00056,true,40,,2025-09-09T16:13:00Z
ATT-000308,SES-00045,STU-00008,true,,,2025-09-12T18:45:00Z
ATT-000309,SES-00045,STU-00020,true,,,2025-09-12T17:51:00Z
ATT-000310,SES-00045,STU-00026,true,,,2025-09-12T17:30:00Z
ATT-000311,SES-00045,STU-00032,true,,,2025-09-12T17:01:00Z
ATT-000312,SES-00045,STU-00044,true,,,2025-09-12T18:10:00Z
ATT-000313,SES-00045,STU-00050,true,,,2025-09-12T18:09:00Z
ATT-000314,SES-00045,STU-00056,true,,,2025-09-12T15:33:00Z
ATT-000315,SES-00046,STU-00008,false,,family,2025-09-16T18:40:00Z
ATT-000316,SES-00046,STU-00020,true,,,2025-09-16T16:05:00Z
ATT-000317,SES-00046,STU-00026,true,,,2025-09-16T17:55:00Z
ATT-000318,SES-00046,STU-00032,true,,,2025-09-16T17:38:00Z
ATT-000319,SES-00046,STU-00044,true,,,2025-09-16T15:39:00Z
ATT-000320,SES-00046,STU-00050,true,,,2025-09-16T16:59:00Z
ATT-000321,SES-00046,STU-00056,true,,,2025-09-16T15:24:00Z
ATT-000322,SES-00047,STU-00008,true,,,2025-09-18T15:33:00Z
ATT-000323,SES-00047,STU-00020,false,,school_conflict,2025-09-18T17:52:00Z
ATT-000324,SES-00047,STU-00026,true,,,2025-09-18T17:57:00Z
ATT-000325,SES-00047,STU-00032,true,42,,2025-09-18T18:32:00Z
ATT-000326,SES-00047,STU-00044,true,,,2025-09-18T15:57:00Z
ATT-000327,SES-00047,STU-00050,true,,,2025-09-18T17:33:00Z
ATT-000328,SES-00047,STU-00056,true,,,2025-09-18T18:27:00Z
ATT-000329,SES-00048,STU-00008,true,,,2025-09-19T17:22:00Z
ATT-000330,SES-00048,STU-00020,true,,,2025-09-19T18:06:00Z
ATT-000331,SES-00048,STU-00026,true,,,2025-09-19T15:58:00Z
ATT-000332,SES-00048,STU-00032,false,,illness,2025-09-19T18:26:00Z
ATT-000333,SES-00048,STU-00044,true,41,,2025-09-19T14:36:00Z
ATT-000334,SES-00048,STU-00050,true,,,2025-09-19T17:41:00Z
ATT-000335,SES-00048,STU-00056,true,,,2025-09-19T17:23:00Z
ATT-000336,SES-00049,STU-00008,true,,,2025-09-23T18:16:00Z
ATT-000337,SES-00049,STU-00020,true,,,2025-09-23T18:23:00Z
ATT-000338,SES-00049,STU-00026,true,,,2025-09-23T17:48:00Z
ATT-000339,SES-00049,STU-00032,true,,,2025-09-23T18:30:00Z
ATT-000340,SES-00049,STU-00044,true,,,2025-09-23T17:16:00Z
ATT-000341,SES-00049,STU-00050,false,,family,2025-09-23T17:47:00Z
ATT-000342,SES-00049,STU-00056,true,,,2025-09-23T14:47:00Z
ATT-000343,SES-00050,STU-00008,true,,,2025-09-25T15:06:00Z
ATT-000344,SES-00050,STU-00020,true,,,2025-09-25T16:51:00Z
ATT-000345,SES-00050,STU-00026,true,,,2025-09-25T14:10:00Z
ATT-000346,SES-00050,STU-00032,true,,,2025-09-25T14:52:00Z
ATT-000347,SES-00050,STU-00044,true,,,2025-09-25T17:05:00Z
ATT-000348,SES-00050,STU-00050,true,,,2025-09-25T14:38:00Z
ATT-000349,SES-00050,STU-00056,true,,,2025-09-25T17:39:00Z
ATT-000350,SES-00051,STU-00008,true,,,2025-09-26T18:03:00Z
ATT-000351,SES-00051,STU-00020,false,,unknown,2025-09-26T17:28:00Z
ATT-000352,SES-00051,STU-00026,true,,,2025-09-26T18:18:00Z
ATT-000353,SES-00051,STU-00032,true,,,2025-09-26T18:33:00Z
ATT-000354,SES-00051,STU-00044,true,,,2025-09-26T14:23:00Z
ATT-000355,SES-00051,STU-00050,true,32,,2025-09-26T14:17:00Z
ATT-000356,SES-00051,STU-00056,true,,,2025-09-26T17:25:00Z
ATT-000357,SES-00052,STU-00008,true,,,2025-09-30T14:58:00Z
ATT-000358,SES-00052,STU-00020,true,,,2025-09-30T18:58:00Z
ATT-000359,SES-00052,STU-00026,true,,,2025-09-30T16:14:00Z
ATT-000360,SES-00052,STU-00032,true,,,2025-09-30T17:36:00Z
ATT-000361,SES-00052,STU-00044,true,,,2025-09-30T18:06:00Z
ATT-000362,SES-00052,STU-00050,true,,,2025-09-30T16:07:00Z
ATT-000363,SES-00052,STU-00056,true,,,2025-09-30T18:52:00Z
ATT-000364,SES-00054,STU-00008,true,,,2025-10-03T17:24:00Z
ATT-000365,SES-00054,STU-00020,true,,,2025-10-03T16:49:00Z
ATT-000366,SES-00054,STU-00026,true,,,2025-10-03T18:55:00Z
ATT-000367,SES-00054,STU-00032,true,,,2025-10-03T14:24:00Z
ATT-000368,SES-00054,STU-00044,true,,,2025-10-03T15:51:00Z
ATT-000369,SES-00054,STU-00050,true,,,2025-10-03T18:34:00Z
ATT-000370,SES-00054,STU-00056,true,,,2025-10-03T15:18:00Z
ATT-000371,SES-00056,STU-00008,true,,,2025-10-09T16:04:00Z
ATT-000372,SES-00056,STU-00020,true,,,2025-10-09T16:22:00Z
ATT-000373,SES-00056,STU-00026,true,,,2025-10-09T15:47:00Z
ATT-000374,SES-00056,STU-00032,true,,,2025-10-09T17:47:00Z
ATT-000375,SES-00056,STU-00044,true,,,2025-10-09T16:13:00Z
ATT-000376,SES-00056,STU-00050,true,,,2025-10-09T18:22:00Z
ATT-000377,SES-00056,STU-00056,true,,,2025-10-09T14:43:00Z
ATT-000378,SES-00057,STU-00008,false,,school_conflict,2025-10-10T14:48:00Z
ATT-000379,SES-00057,STU-00020,false,,no_show,2025-10-10T17:23:00Z
ATT-000380,SES-00057,STU-00026,true,,,2025-10-10T18:55:00Z
ATT-000381,SES-00057,STU-00032,true,,,2025-10-10T18:17:00Z
ATT-000382,SES-00057,STU-00044,true,,,2025-10-10T15:03:00Z
ATT-000383,SES-00057,STU-00050,true,,,2025-10-10T18:02:00Z
ATT-000384,SES-00057,STU-00056,true,,,2025-10-10T15:29:00Z
ATT-000385,SES-00060,STU-00008,false,,family,2025-10-17T17:20:00Z
ATT-000386,SES-00060,STU-00020,true,33,,2025-10-17T17:37:00Z
ATT-000387,SES-00060,STU-00026,true,,,2025-10-17T16:11:00Z
ATT-000388,SES-00060,STU-00032,true,,,2025-10-17T17:39:00Z
ATT-000389,SES-00060,STU-00044,true,,,2025-10-17T17:13:00Z
ATT-000390,SES-00060,STU-00050,true,,,2025-10-17T16:54:00Z
ATT-000391,SES-00060,STU-00056,true,,,2025-10-17T18:08:00Z
ATT-000392,SES-00061,STU-00008,false,,family,2025-10-21T14:46:00Z
ATT-000393,SES-00061,STU-00020,true,,,2025-10-21T17:54:00Z
ATT-000394,SES-00061,STU-00026,true,,,2025-10-21T15:30:00Z
ATT-000395,SES-00061,STU-00032,true,,,2025-10-21T17:08:00Z
ATT-000396,SES-00061,STU-00044,false,,unknown,2025-10-21T18:34:00Z
ATT-000397,SES-00061,STU-00050,false,,unknown,2025-10-21T16:16:00Z
ATT-000398,SES-00061,STU-00056,true,,,2025-10-21T17:06:00Z
ATT-000399,SES-00062,STU-00008,true,43,,2025-10-23T16:30:00Z
ATT-000400,SES-00062,STU-00020,false,,illness,2025-10-23T16:16:00Z
ATT-000401,SES-00062,STU-00026,true,,,2025-10-23T16:22:00Z
ATT-000402,SES-00062,STU-00032,true,,,2025-10-23T18:12:00Z
ATT-000403,SES-00062,STU-00044,true,,,2025-10-23T18:11:00Z
ATT-000404,SES-00062,STU-00050,false,,illness,2025-10-23T16:43:00Z
ATT-000405,SES-00062,STU-00056,true,,,2025-10-23T17:56:00Z
ATT-000406,SES-00063,STU-00008,true,,,2025-10-24T17:40:00Z
ATT-000407,SES-00063,STU-00020,false,,unknown,2025-10-24T16:26:00Z
ATT-000408,SES-00063,STU-00026,true,,,2025-10-24T14:05:00Z
ATT-000409,SES-00063,STU-00032,true,,,2025-10-24T16:41:00Z
ATT-000410,SES-00063,STU-00044,true,,,2025-10-24T17:17:00Z
ATT-000411,SES-00063,STU-00050,false,,unknown,2025-10-24T16:47:00Z
ATT-000412,SES-00063,STU-00056,true,,,2025-10-24T17:10:00Z
ATT-000413,SES-00064,STU-00008,true,41,,2025-10-28T15:42:00Z
ATT-000414,SES-00064,STU-00020,true,,,2025-10-28T14:13:00Z
ATT-000415,SES-00064,STU-00026,true,,,2025-10-28T14:59:00Z
ATT-000416,SES-00064,STU-00032,false,,school_conflict,2025-10-28T14:49:00Z
ATT-000417,SES-00064,STU-00044,true,,,2025-10-28T14:06:00Z
ATT-000418,SES-00064,STU-00050,true,,,2025-10-28T17:19:00Z
ATT-000419,SES-00064,STU-00056,true,,,2025-10-28T17:40:00Z
ATT-000420,SES-00065,STU-00008,true,,,2025-10-30T15:01:00Z
ATT-000421,SES-00065,STU-00020,true,,,2025-10-30T16:55:00Z
ATT-000422,SES-00065,STU-00026,true,,,2025-10-30T18:59:00Z
ATT-000423,SES-00065,STU-00032,true,,,2025-10-30T18:11:00Z
ATT-000424,SES-00065,STU-00044,true,,,2025-10-30T18:27:00Z
ATT-000425,SES-00065,STU-00050,true,,,2025-10-30T16:58:00Z
ATT-000426,SES-00065,STU-00056,true,,,2025-10-30T14:28:00Z
ATT-000427,SES-00067,STU-00008,true,,,2025-11-04T15:19:00Z
ATT-000428,SES-00067,STU-00020,true,,,2025-11-04T15:22:00Z
ATT-000429,SES-00067,STU-00026,true,,,2025-11-04T17:48:00Z
ATT-000430,SES-00067,STU-00032,true,36,,2025-11-04T16:38:00Z
ATT-000431,SES-00067,STU-00044,true,35,,2025-11-04T15:26:00Z
ATT-000432,SES-00067,STU-00050,false,,school_conflict,2025-11-04T15:10:00Z
ATT-000433,SES-00067,STU-00056,true,,,2025-11-04T17:14:00Z
ATT-000434,SES-00068,STU-00008,true,,,2025-11-06T15:33:00Z
ATT-000435,SES-00068,STU-00020,true,,,2025-11-06T16:18:00Z
ATT-000436,SES-00068,STU-00026,true,,,2025-11-06T16:26:00Z
ATT-000437,SES-00068,STU-00032,true,32,,2025-11-06T16:07:00Z
ATT-000438,SES-00068,STU-00044,true,,,2025-11-06T16:44:00Z
ATT-000439,SES-00068,STU-00050,true,,,2025-11-06T14:09:00Z
ATT-000440,SES-00068,STU-00056,true,,,2025-11-06T15:06:00Z
ATT-000441,SES-00069,STU-00008,true,,,2025-11-07T17:46:00Z
ATT-000442,SES-00069,STU-00020,true,,,2025-11-07T14:31:00Z
ATT-000443,SES-00069,STU-00026,true,,,2025-11-07T17:23:00Z
ATT-000444,SES-00069,STU-00032,true,,,2025-11-07T16:05:00Z
ATT-000445,SES-00069,STU-00044,false,,no_show,2025-11-07T14:17:00Z
ATT-000446,SES-00069,STU-00050,false,,illness,2025-11-07T17:11:00Z
ATT-000447,SES-00069,STU-00056,true,,,2025-11-07T17:53:00Z
ATT-000448,SES-00070,STU-00008,true,,,2025-11-11T15:24:00Z
ATT-000449,SES-00070,STU-00020,true,,,2025-11-11T14:12:00Z
ATT-000450,SES-00070,STU-00026,true,,,2025-11-11T18:42:00Z
ATT-000451,SES-00070,STU-00032,false,,school_conflict,2025-11-11T16:59:00Z
ATT-000452,SES-00070,STU-00044,true,,,2025-11-11T14:47:00Z
ATT-000453,SES-00070,STU-00050,false,,school_conflict,2025-11-11T16:30:00Z
ATT-000454,SES-00070,STU-00056,true,,,2025-11-11T14:55:00Z
ATT-000455,SES-00072,STU-00008,true,,,2025-11-14T15:40:00Z
ATT-000456,SES-00072,STU-00020,true,42,,2025-11-14T16:37:00Z
ATT-000457,SES-00072,STU-00026,true,,,2025-11-14T14:02:00Z
ATT-000458,SES-00072,STU-00032,true,,,2025-11-14T18:09:00Z
ATT-000459,SES-00072,STU-00044,true,,,2025-11-14T15:31:00Z
ATT-000460,SES-00072,STU-00050,true,,,2025-11-14T14:03:00Z
ATT-000461,SES-00072,STU-00056,true,,,2025-11-14T18:50:00Z
ATT-000462,SES-00074,STU-00008,true,,,2025-11-20T16:35:00Z
ATT-000463,SES-00074,STU-00020,true,,,2025-11-20T17:46:00Z
ATT-000464,SES-00074,STU-00026,true,,,2025-11-20T16:46:00Z
ATT-000465,SES-00074,STU-00032,true,,,2025-11-20T17:45:00Z
ATT-000466,SES-00074,STU-00044,true,,,2025-11-20T17:12:00Z
ATT-000467,SES-00074,STU-00050,true,,,2025-11-20T16:46:00Z
ATT-000468,SES-00074,STU-00056,true,,,2025-11-20T18:58:00Z
ATT-000469,SES-00076,STU-00008,false,,illness,2025-11-25T18:09:00Z
ATT-000470,SES-00076,STU-00020,true,,,2025-11-25T18:23:00Z
ATT-000471,SES-00076,STU-00026,true,,,2025-11-25T18:24:00Z
ATT-000472,SES-00076,STU-00032,true,,,2025-11-25T18:54:00Z
ATT-000473,SES-00076,STU-00044,true,,,2025-11-25T16:46:00Z
ATT-000474,SES-00076,STU-00050,true,,,2025-11-25T17:12:00Z
ATT-000475,SES-00076,STU-00056,true,,,2025-11-25T18:09:00Z
ATT-000476,SES-00077,STU-00008,true,,,2025-11-27T16:07:00Z
ATT-000477,SES-00077,STU-00020,true,,,2025-11-27T14:53:00Z
ATT-000478,SES-00077,STU-00026,false,,illness,2025-11-27T14:12:00Z
ATT-000479,SES-00077,STU-00032,true,,,2025-11-27T14:36:00Z
ATT-000480,SES-00077,STU-00044,true,,,2025-11-27T17:33:00Z
ATT-000481,SES-00077,STU-00050,true,,,2025-11-27T14:23:00Z
ATT-000482,SES-00077,STU-00056,true,,,2025-11-27T14:59:00Z
ATT-000483,SES-00078,STU-00008,false,,family,2025-11-28T14:29:00Z
ATT-000484,SES-00078,STU-00020,true,38,,2025-11-28T17:52:00Z
ATT-000485,SES-00078,STU-00026,true,,,2025-11-28T18:17:00Z
ATT-000486,SES-00078,STU-00032,true,,,2025-11-28T16:04:00Z
ATT-000487,SES-00078,STU-00044,false,,no_show,2025-11-28T14:06:00Z
ATT-000488,SES-00078,STU-00050,false,,school_conflict,2025-11-28T15:12:00Z
ATT-000489,SES-00078,STU-00056,true,,,2025-11-28T15:35:00Z
ATT-000490,SES-00079,STU-00003,true,,,2025-09-03T14:49:00Z
ATT-000491,SES-00079,STU-00009,true,,,2025-09-03T17:44:00Z
ATT-000492,SES-00079,STU-00015,true,,,2025-09-03T15:50:00Z
ATT-000493,SES-00079,STU-00021,true,,,2025-09-03T16:42:00Z
ATT-000494,SES-00079,STU-00027,true,,,2025-09-03T17:59:00Z
ATT-000495,SES-00079,STU-00033,true,,,2025-09-03T16:54:00Z
ATT-000496,SES-00079,STU-00039,true,,,2025-09-03T17:52:00Z
ATT-000497,SES-00079,STU-00045,true,,,2025-09-03T18:34:00Z
ATT-000498,SES-00079,STU-00051,true,,,2025-09-03T16:23:00Z
ATT-000499,SES-00079,STU-00057,false,,school_conflict,2025-09-03T17:00:00Z
ATT-000500,SES-00080,STU-00003,true,,,2025-09-04T18:01:00Z
ATT-000501,SES-00080,STU-00009,true,,,2025-09-04T16:00:00Z
ATT-000502,SES-00080,STU-00015,true,,,2025-09-04T16:01:00Z
ATT-000503,SES-00080,STU-00021,true,,,2025-09-04T16:58:00Z
ATT-000504,SES-00080,STU-00027,true,,,2025-09-04T18:09:00Z
ATT-000505,SES-00080,STU-00033,true,,,2025-09-04T15:08:00Z
ATT-000506,SES-00080,STU-00039,true,,,2025-09-04T15:14:00Z
ATT-000507,SES-00080,STU-00045,true,,,2025-09-04T18:25:00Z
ATT-000508,SES-00080,STU-00051,true,,,2025-09-04T14:46:00Z
ATT-000509,SES-00080,STU-00057,true,,,2025-09-04T17:52:00Z
ATT-000510,SES-00082,STU-00003,false,,unknown,2025-09-10T14:38:00Z
ATT-000511,SES-00082,STU-00009,true,42,,2025-09-10T18:24:00Z
ATT-000512,SES-00082,STU-00015,true,42,,2025-09-10T16:22:00Z
ATT-000513,SES-00082,STU-00021,false,,school_conflict,2025-09-10T14:55:00Z
ATT-000514,SES-00082,STU-00027,true,,,2025-09-10T18:59:00Z
ATT-000515,SES-00082,STU-00033,true,,,2025-09-10T17:03:00Z
ATT-000516,SES-00082,STU-00039,true,38,,2025-09-10T18:09:00Z
ATT-000517,SES-00082,STU-00045,true,,,2025-09-10T15:03:00Z
ATT-000518,SES-00082,STU-00051,true,,,2025-09-10T17:48:00Z
ATT-000519,SES-00082,STU-00057,true,,,2025-09-10T15:27:00Z
ATT-000520,SES-00083,STU-00003,true,,,2025-09-11T15:21:00Z
ATT-000521,SES-00083,STU-00009,true,,,2025-09-11T14:35:00Z
ATT-000522,SES-00083,STU-00015,true,,,2025-09-11T18:27:00Z
ATT-000523,SES-00083,STU-00021,true,,,2025-09-11T15:30:00Z
ATT-000524,SES-00083,STU-00027,true,,,2025-09-11T18:12:00Z
ATT-000525,SES-00083,STU-00033,true,,,2025-09-11T18:15:00Z
ATT-000526,SES-00083,STU-00039,true,,,2025-09-11T17:20:00Z
ATT-000527,SES-00083,STU-00045,true,,,2025-09-11T14:42:00Z
ATT-000528,SES-00083,STU-00051,true,,,2025-09-11T15:20:00Z
ATT-000529,SES-00083,STU-00057,true,,,2025-09-11T16:10:00Z
ATT-000530,SES-00084,STU-00003,false,,family,2025-09-12T17:39:00Z
ATT-000531,SES-00084,STU-00009,true,43,,2025-09-12T15:12:00Z
ATT-000532,SES-00084,STU-00015,true,,,2025-09-12T14:07:00Z
ATT-000533,SES-00084,STU-00021,true,,,2025-09-12T18:59:00Z
ATT-000534,SES-00084,STU-00027,true,,,2025-09-12T16:00:00Z
ATT-000535,SES-00084,STU-00033,true,,,2025-09-12T16:28:00Z
ATT-000536,SES-00084,STU-00039,true,,,2025-09-12T18:13:00Z
ATT-000537,SES-00084,STU-00045,true,,,2025-09-12T16:35:00Z
ATT-000538,SES-00084,STU-00051,true,,,2025-09-12T15:44:00Z
ATT-000539,SES-00084,STU-00057,true,39,,2025-09-12T18:02:00Z
ATT-000540,SES-00085,STU-00003,true,33,,2025-09-17T18:17:00Z
ATT-000541,SES-00085,STU-00009,true,,,2025-09-17T14:04:00Z
ATT-000542,SES-00085,STU-00015,true,,,2025-09-17T16:55:00Z
ATT-000543,SES-00085,STU-00021,true,,,2025-09-17T17:14:00Z
ATT-000544,SES-00085,STU-00027,false,,school_conflict,2025-09-17T14:57:00Z
ATT-000545,SES-00085,STU-00033,true,,,2025-09-17T18:05:00Z
ATT-000546,SES-00085,STU-00039,true,,,2025-09-17T17:35:00Z
ATT-000547,SES-00085,STU-00045,false,,illness,2025-09-17T15:59:00Z
ATT-000548,SES-00085,STU-00051,true,,,2025-09-17T17:47:00Z
ATT-000549,SES-00085,STU-00057,true,,,2025-09-17T16:22:00Z
ATT-000550,SES-00086,STU-00003,true,,,2025-09-18T18:17:00Z
ATT-000551,SES-00086,STU-00009,true,,,2025-09-18T17:56:00Z
ATT-000552,SES-00086,STU-00015,false,,no_show,2025-09-18T18:17:00Z
ATT-000553,SES-00086,STU-00021,true,,,2025-09-18T17:42:00Z
ATT-000554,SES-00086,STU-00027,true,,,2025-09-18T18:43:00Z
ATT-000555,SES-00086,STU-00033,true,,,2025-09-18T15:26:00Z
ATT-000556,SES-00086,STU-00039,true,,,2025-09-18T16:58:00Z
ATT-000557,SES-00086,STU-00045,true,,,2025-09-18T15:13:00Z
ATT-000558,SES-00086,STU-00051,true,,,2025-09-18T15:55:00Z
ATT-000559,SES-00086,STU-00057,true,,,2025-09-18T18:58:00Z
ATT-000560,SES-00087,STU-00003,true,,,2025-09-19T15:41:00Z
ATT-000561,SES-00087,STU-00009,false,,no_show,2025-09-19T16:04:00Z
ATT-000562,SES-00087,STU-00015,true,,,2025-09-19T14:11:00Z
ATT-000563,SES-00087,STU-00021,true,,,2025-09-19T14:48:00Z
ATT-000564,SES-00087,STU-00027,true,,,2025-09-19T17:19:00Z
ATT-000565,SES-00087,STU-00033,true,,,2025-09-19T16:09:00Z
ATT-000566,SES-00087,STU-00039,true,,,2025-09-19T15:01:00Z
ATT-000567,SES-00087,STU-00045,true,,,2025-09-19T16:38:00Z
ATT-000568,SES-00087,STU-00051,true,,,2025-09-19T15:14:00Z
ATT-000569,SES-00087,STU-00057,true,,,2025-09-19T17:08:00Z
ATT-000570,SES-00088,STU-00003,true,,,2025-09-24T16:11:00Z
ATT-000571,SES-00088,STU-00009,false,,school_conflict,2025-09-24T15:10:00Z
ATT-000572,SES-00088,STU-00015,true,42,,2025-09-24T14:59:00Z
ATT-000573,SES-00088,STU-00021,true,,,2025-09-24T15:48:00Z
ATT-000574,SES-00088,STU-00027,true,,,2025-09-24T17:55:00Z
ATT-000575,SES-00088,STU-00033,true,,,2025-09-24T17:56:00Z
ATT-000576,SES-00088,STU-00039,true,,,2025-09-24T14:38:00Z
ATT-000577,SES-00088,STU-00045,true,,,2025-09-24T16:25:00Z
ATT-000578,SES-00088,STU-00051,true,,,2025-09-24T18:34:00Z
ATT-000579,SES-00088,STU-00057,true,,,2025-09-24T14:33:00Z
ATT-000580,SES-00089,STU-00003,true,,,2025-09-25T14:56:00Z
ATT-000581,SES-00089,STU-00009,false,,school_conflict,2025-09-25T17:47:00Z
ATT-000582,SES-00089,STU-00015,true,,,2025-09-25T14:12:00Z
ATT-000583,SES-00089,STU-00021,true,,,2025-09-25T16:49:00Z
ATT-000584,SES-00089,STU-00027,false,,school_conflict,2025-09-25T17:18:00Z
ATT-000585,SES-00089,STU-00033,true,38,,2025-09-25T15:29:00Z
ATT-000586,SES-00089,STU-00039,false,,school_conflict,2025-09-25T18:07:00Z
ATT-000587,SES-00089,STU-00045,true,,,2025-09-25T18:08:00Z
ATT-000588,SES-00089,STU-00051,true,,,2025-09-25T14:11:00Z
ATT-000589,SES-00089,STU-00057,true,,,2025-09-25T15:56:00Z
ATT-000590,SES-00090,STU-00003,true,,,2025-09-26T15:45:00Z
ATT-000591,SES-00090,STU-00009,true,,,2025-09-26T17:40:00Z
ATT-000592,SES-00090,STU-00015,true,,,2025-09-26T17:46:00Z
ATT-000593,SES-00090,STU-00021,true,,,2025-09-26T15:24:00Z
ATT-000594,SES-00090,STU-00027,true,32,,2025-09-26T16:36:00Z
ATT-000595,SES-00090,STU-00033,false,,unknown,2025-09-26T15:55:00Z
ATT-000596,SES-00090,STU-00039,true,,,2025-09-26T14:26:00Z
ATT-000597,SES-00090,STU-00045,true,,,2025-09-26T17:18:00Z
ATT-000598,SES-00090,STU-00051,true,,,2025-09-26T15:12:00Z
ATT-000599,SES-00090,STU-00057,true,,,2025-09-26T14:29:00Z
ATT-000600,SES-00092,STU-00003,true,,,2025-10-02T14:38:00Z
ATT-000601,SES-00092,STU-00009,false,,illness,2025-10-02T18:42:00Z
ATT-000602,SES-00092,STU-00015,true,,,2025-10-02T14:38:00Z
ATT-000603,SES-00092,STU-00021,true,,,2025-10-02T18:17:00Z
ATT-000604,SES-00092,STU-00027,true,,,2025-10-02T15:03:00Z
ATT-000605,SES-00092,STU-00033,true,35,,2025-10-02T14:09:00Z
ATT-000606,SES-00092,STU-00039,false,,family,2025-10-02T18:19:00Z
ATT-000607,SES-00092,STU-00045,true,,,2025-10-02T14:26:00Z
ATT-000608,SES-00092,STU-00051,false,,illness,2025-10-02T16:39:00Z
ATT-000609,SES-00092,STU-00057,true,,,2025-10-02T18:50:00Z
ATT-000610,SES-00093,STU-00003,true,,,2025-10-03T18:23:00Z
ATT-000611,SES-00093,STU-00009,false,,illness,2025-10-03T16:20:00Z
ATT-000612,SES-00093,STU-00015,true,,,2025-10-03T14:48:00Z
ATT-000613,SES-00093,STU-00021,true,,,2025-10-03T16:30:00Z
ATT-000614,SES-00093,STU-00027,true,,,2025-10-03T16:21:00Z
ATT-000615,SES-00093,STU-00033,true,,,2025-10-03T15:39:00Z
ATT-000616,SES-00093,STU-00039,true,,,2025-10-03T18:05:00Z
ATT-000617,SES-00093,STU-00045,true,,,2025-10-03T16:27:00Z
ATT-000618,SES-00093,STU-00051,true,,,2025-10-03T18:36:00Z
ATT-000619,SES-00093,STU-00057,false,,school_conflict,2025-10-03T15:39:00Z
ATT-000620,SES-00094,STU-00003,true,,,2025-10-08T17:31:00Z
ATT-000621,SES-00094,STU-00009,true,,,2025-10-08T15:45:00Z
ATT-000622,SES-00094,STU-00015,true,,,2025-10-08T14:01:00Z
ATT-000623,SES-00094,STU-00021,true,,,2025-10-08T15:51:00Z
ATT-000624,SES-00094,STU-00027,true,,,2025-10-08T14:21:00Z
ATT-000625,SES-00094,STU-00033,true,,,2025-10-08T15:00:00Z
ATT-000626,SES-00094,STU-00039,true,,,2025-10-08T16:50:00Z
ATT-000627,SES-00094,STU-00045,true,,,2025-10-08T18:20:00Z
ATT-000628,SES-00094,STU-00051,true,,,2025-10-08T16:21:00Z
ATT-000629,SES-00094,STU-00057,true,,,2025-10-08T14:53:00Z
ATT-000630,SES-00095,STU-00003,true,,,2025-10-09T16:59:00Z
ATT-000631,SES-00095,STU-00009,true,,,2025-10-09T14:41:00Z
ATT-000632,SES-00095,STU-00015,true,,,2025-10-09T17:57:00Z
ATT-000633,SES-00095,STU-00021,false,,unknown,2025-10-09T17:50:00Z
ATT-000634,SES-00095,STU-00027,true,,,2025-10-09T14:53:00Z
ATT-000635,SES-00095,STU-00033,true,,,2025-10-09T16:35:00Z
ATT-000636,SES-00095,STU-00039,true,,,2025-10-09T16:51:00Z
ATT-000637,SES-00095,STU-00045,false,,unknown,2025-10-09T14:09:00Z
ATT-000638,SES-00095,STU-00051,true,36,,2025-10-09T18:53:00Z
ATT-000639,SES-00095,STU-00057,true,,,2025-10-09T15:38:00Z
ATT-000640,SES-00097,STU-00003,true,,,2025-10-15T16:45:00Z
ATT-000641,SES-00097,STU-00009,false,,unknown,2025-10-15T16:26:00Z
ATT-000642,SES-00097,STU-00015,true,,,2025-10-15T16:28:00Z
ATT-000643,SES-00097,STU-00021,false,,school_conflict,2025-10-15T18:19:00Z
ATT-000644,SES-00097,STU-00027,true,,,2025-10-15T14:49:00Z
ATT-000645,SES-00097,STU-00033,true,,,2025-10-15T18:01:00Z
ATT-000646,SES-00097,STU-00039,true,,,2025-10-15T15:12:00Z
ATT-000647,SES-00097,STU-00045,true,,,2025-10-15T18:19:00Z
ATT-000648,SES-00097,STU-00051,true,,,2025-10-15T14:52:00Z
ATT-000649,SES-00097,STU-00057,false,,school_conflict,2025-10-15T15:13:00Z
ATT-000650,SES-00098,STU-00003,true,,,2025-10-16T18:07:00Z
ATT-000651,SES-00098,STU-00009,true,,,2025-10-16T18:55:00Z
ATT-000652,SES-00098,STU-00015,true,,,2025-10-16T14:06:00Z
ATT-000653,SES-00098,STU-00021,true,,,2025-10-16T16:01:00Z
ATT-000654,SES-00098,STU-00027,true,,,2025-10-16T15:20:00Z
ATT-000655,SES-00098,STU-00033,true,,,2025-10-16T18:20:00Z
ATT-000656,SES-00098,STU-00039,true,,,2025-10-16T16:09:00Z
ATT-000657,SES-00098,STU-00045,true,,,2025-10-16T18:35:00Z
ATT-000658,SES-00098,STU-00051,true,,,2025-10-16T16:35:00Z
ATT-000659,SES-00098,STU-00057,true,,,2025-10-16T16:36:00Z
ATT-000660,SES-00099,STU-00003,true,39,,2025-10-17T16:34:00Z
ATT-000661,SES-00099,STU-00009,true,,,2025-10-17T17:57:00Z
ATT-000662,SES-00099,STU-00015,true,,,2025-10-17T14:05:00Z
ATT-000663,SES-00099,STU-00021,true,,,2025-10-17T18:57:00Z
ATT-000664,SES-00099,STU-00027,true,,,2025-10-17T17:39:00Z
ATT-000665,SES-00099,STU-00033,true,,,2025-10-17T15:45:00Z
ATT-000666,SES-00099,STU-00039,true,,,2025-10-17T14:59:00Z
ATT-000667,SES-00099,STU-00045,true,,,2025-10-17T15:05:00Z
ATT-000668,SES-00099,STU-00051,true,,,2025-10-17T17:06:00Z
ATT-000669,SES-00099,STU-00057,true,,,2025-10-17T17:30:00Z
ATT-000670,SES-00100,STU-00003,true,,,2025-10-22T18:16:00Z
ATT-000671,SES-00100,STU-00009,false,,school_conflict,2025-10-22T16:50:00Z
ATT-000672,SES-00100,STU-00015,false,,school_conflict,2025-10-22T17:01:00Z
ATT-000673,SES-00100,STU-00021,true,,,2025-10-22T17:29:00Z
ATT-000674,SES-00100,STU-00027,false,,illness,2025-10-22T16:38:00Z
ATT-000675,SES-00100,STU-00033,true,,,2025-10-22T17:52:00Z
ATT-000676,SES-00100,STU-00039,true,,,2025-10-22T18:41:00Z
ATT-000677,SES-00100,STU-00045,true,,,2025-10-22T17:25:00Z
ATT-000678,SES-00100,STU-00051,true,,,2025-10-22T15:35:00Z
ATT-000679,SES-00100,STU-00057,true,,,2025-10-22T14:21:00Z
ATT-000680,SES-00101,STU-00003,true,,,2025-10-23T17:50:00Z
ATT-000681,SES-00101,STU-00009,false,,family,2025-10-23T16:34:00Z
ATT-000682,SES-00101,STU-00015,true,,,2025-10-23T14:47:00Z
ATT-000683,SES-00101,STU-00021,false,,family,2025-10-23T17:07:00Z
ATT-000684,SES-00101,STU-00027,true,,,2025-10-23T18:06:00Z
ATT-000685,SES-00101,STU-00033,false,,illness,2025-10-23T17:04:00Z
ATT-000686,SES-00101,STU-00039,true,,,2025-10-23T18:49:00Z
ATT-000687,SES-00101,STU-00045,true,,,2025-10-23T14:05:00Z
ATT-000688,SES-00101,STU-00051,true,,,2025-10-23T18:57:00Z
ATT-000689,SES-00101,STU-00057,true,,,2025-10-23T15:42:00Z
ATT-000690,SES-00102,STU-00003,true,,,2025-10-24T17:39:00Z
ATT-000691,SES-00102,STU-00009,true,,,2025-10-24T16:19:00Z
ATT-000692,SES-00102,STU-00015,true,,,2025-10-24T16:58:00Z
ATT-000693,SES-00102,STU-00021,false,,school_conflict,2025-10-24T16:05:00Z
ATT-000694,SES-00102,STU-00027,true,,,2025-10-24T18:25:00Z
ATT-000695,SES-00102,STU-00033,false,,unknown,2025-10-24T14:23:00Z
ATT-000696,SES-00102,STU-00039,false,,no_show,2025-10-24T14:45:00Z
ATT-000697,SES-00102,STU-00045,true,,,2025-10-24T14:55:00Z
ATT-000698,SES-00102,STU-00051,true,36,,2025-10-24T18:25:00Z
ATT-000699,SES-00102,STU-00057,true,,,2025-10-24T17:24:00Z
ATT-000700,SES-00103,STU-00003,true,,,2025-10-29T15:30:00Z
ATT-000701,SES-00103,STU-00009,true,,,2025-10-29T16:53:00Z
ATT-000702,SES-00103,STU-00015,true,,,2025-10-29T15:08:00Z
ATT-000703,SES-00103,STU-00021,true,,,2025-10-29T15:46:00Z
ATT-000704,SES-00103,STU-00027,false,,family,2025-10-29T15:05:00Z
ATT-000705,SES-00103,STU-00033,true,,,2025-10-29T17:57:00Z
ATT-000706,SES-00103,STU-00039,true,,,2025-10-29T17:39:00Z
ATT-000707,SES-00103,STU-00045,true,,,2025-10-29T18:52:00Z
ATT-000708,SES-00103,STU-00051,true,,,2025-10-29T15:27:00Z
ATT-000709,SES-00103,STU-00057,true,,,2025-10-29T15:45:00Z
ATT-000710,SES-00107,STU-00003,true,,,2025-11-06T18:36:00Z
ATT-000711,SES-00107,STU-00009,true,,,2025-11-06T18:30:00Z
ATT-000712,SES-00107,STU-00015,true,,,2025-11-06T17:44:00Z
ATT-000713,SES-00107,STU-00021,true,,,2025-11-06T18:54:00Z
ATT-000714,SES-00107,STU-00027,false,,unknown,2025-11-06T17:33:00Z
ATT-000715,SES-00107,STU-00033,true,,,2025-11-06T14:15:00Z
ATT-000716,SES-00107,STU-00039,true,,,2025-11-06T14:43:00Z
ATT-000717,SES-00107,STU-00045,true,,,2025-11-06T16:39:00Z
ATT-000718,SES-00107,STU-00051,true,,,2025-11-06T14:30:00Z
ATT-000719,SES-00107,STU-00057,true,,,2025-11-06T18:46:00Z
ATT-000720,SES-00108,STU-00003,true,,,2025-11-07T16:18:00Z
ATT-000721,SES-00108,STU-00009,true,,,2025-11-07T18:47:00Z
ATT-000722,SES-00108,STU-00015,true,,,2025-11-07T16:03:00Z
ATT-000723,SES-00108,STU-00021,true,,,2025-11-07T18:03:00Z
ATT-000724,SES-00108,STU-00027,true,,,2025-11-07T18:01:00Z
ATT-000725,SES-00108,STU-00033,true,,,2025-11-07T18:04:00Z
ATT-000726,SES-00108,STU-00039,false,,illness,2025-11-07T15:39:00Z
ATT-000727,SES-00108,STU-00045,true,,,2025-11-07T14:47:00Z
ATT-000728,SES-00108,STU-00051,true,,,2025-11-07T18:47:00Z
ATT-000729,SES-00108,STU-00057,true,,,2025-11-07T15:16:00Z
ATT-000730,SES-00109,STU-00003,true,,,2025-11-12T15:51:00Z
ATT-000731,SES-00109,STU-00009,true,31,,2025-11-12T15:38:00Z
ATT-000732,SES-00109,STU-00015,false,,illness,2025-11-12T17:48:00Z
ATT-000733,SES-00109,STU-00021,false,,unknown,2025-11-12T15:42:00Z
ATT-000734,SES-00109,STU-00027,true,,,2025-11-12T15:36:00Z
ATT-000735,SES-00109,STU-00033,true,,,2025-11-12T16:48:00Z
ATT-000736,SES-00109,STU-00039,true,37,,2025-11-12T17:30:00Z
ATT-000737,SES-00109,STU-00045,true,,,2025-11-12T18:14:00Z
ATT-000738,SES-00109,STU-00051,true,,,2025-11-12T17:16:00Z
ATT-000739,SES-00109,STU-00057,true,,,2025-11-12T14:18:00Z
ATT-000740,SES-00110,STU-00003,false,,school_conflict,2025-11-13T16:33:00Z
ATT-000741,SES-00110,STU-00009,true,44,,2025-11-13T18:40:00Z
ATT-000742,SES-00110,STU-00015,true,,,2025-11-13T18:58:00Z
ATT-000743,SES-00110,STU-00021,true,,,2025-11-13T16:17:00Z
ATT-000744,SES-00110,STU-00027,true,,,2025-11-13T18:25:00Z
ATT-000745,SES-00110,STU-00033,true,,,2025-11-13T15:46:00Z
ATT-000746,SES-00110,STU-00039,true,,,2025-11-13T18:21:00Z
ATT-000747,SES-00110,STU-00045,true,,,2025-11-13T16:35:00Z
ATT-000748,SES-00110,STU-00051,true,31,,2025-11-13T14:26:00Z
ATT-000749,SES-00110,STU-00057,true,,,2025-11-13T17:22:00Z
ATT-000750,SES-00111,STU-00003,true,,,2025-11-14T15:02:00Z
ATT-000751,SES-00111,STU-00009,true,,,2025-11-14T18:42:00Z
ATT-000752,SES-00111,STU-00015,false,,illness,2025-11-14T18:40:00Z
ATT-000753,SES-00111,STU-00021,true,,,2025-11-14T14:54:00Z
ATT-000754,SES-00111,STU-00027,true,,,2025-11-14T18:51:00Z
ATT-000755,SES-00111,STU-00033,false,,unknown,2025-11-14T15:16:00Z
ATT-000756,SES-00111,STU-00039,true,,,2025-11-14T14:40:00Z
ATT-000757,SES-00111,STU-00045,true,,,2025-11-14T17:44:00Z
ATT-000758,SES-00111,STU-00051,false,,unknown,2025-11-14T16:16:00Z
ATT-000759,SES-00111,STU-00057,true,42,,2025-11-14T14:24:00Z
ATT-000760,SES-00112,STU-00003,true,,,2025-11-19T16:52:00Z
ATT-000761,SES-00112,STU-00009,true,,,2025-11-19T17:59:00Z
ATT-000762,SES-00112,STU-00015,true,,,2025-11-19T17:06:00Z
ATT-000763,SES-00112,STU-00021,true,,,2025-11-19T15:39:00Z
ATT-000764,SES-00112,STU-00027,true,,,2025-11-19T16:06:00Z
ATT-000765,SES-00112,STU-00033,true,41,,2025-11-19T16:49:00Z
ATT-000766,SES-00112,STU-00039,true,,,2025-11-19T15:41:00Z
ATT-000767,SES-00112,STU-00045,true,,,2025-11-19T17:17:00Z
ATT-000768,SES-00112,STU-00051,true,,,2025-11-19T17:36:00Z
ATT-000769,SES-00112,STU-00057,true,,,2025-11-19T17:30:00Z
ATT-000770,SES-00113,STU-00003,true,,,2025-11-20T14:34:00Z
ATT-000771,SES-00113,STU-00009,true,,,2025-11-20T17:07:00Z
ATT-000772,SES-00113,STU-00015,true,,,2025-11-20T16:21:00Z
ATT-000773,SES-00113,STU-00021,true,,,2025-11-20T14:23:00Z
ATT-000774,SES-00113,STU-00027,true,,,2025-11-20T14:53:00Z
ATT-000775,SES-00113,STU-00033,true,,,2025-11-20T15:11:00Z
ATT-000776,SES-00113,STU-00039,true,,,2025-11-20T15:19:00Z
ATT-000777,SES-00113,STU-00045,true,,,2025-11-20T16:31:00Z
ATT-000778,SES-00113,STU-00051,true,,,2025-11-20T15:08:00Z
ATT-000779,SES-00113,STU-00057,true,39,,2025-11-20T15:31:00Z
ATT-000780,SES-00114,STU-00003,true,,,2025-11-21T16:31:00Z
ATT-000781,SES-00114,STU-00009,true,,,2025-11-21T17:01:00Z
ATT-000782,SES-00114,STU-00015,true,42,,2025-11-21T14:25:00Z
ATT-000783,SES-00114,STU-00021,true,,,2025-11-21T18:29:00Z
ATT-000784,SES-00114,STU-00027,false,,unknown,2025-11-21T18:09:00Z
ATT-000785,SES-00114,STU-00033,true,,,2025-11-21T14:02:00Z
ATT-000786,SES-00114,STU-00039,true,,,2025-11-21T14:30:00Z
ATT-000787,SES-00114,STU-00045,false,,family,2025-11-21T15:44:00Z
ATT-000788,SES-00114,STU-00051,true,40,,2025-11-21T14:57:00Z
ATT-000789,SES-00114,STU-00057,true,,,2025-11-21T17:39:00Z
ATT-000790,SES-00115,STU-00003,true,,,2025-11-26T14:07:00Z
ATT-000791,SES-00115,STU-00009,true,,,2025-11-26T15:04:00Z
ATT-000792,SES-00115,STU-00015,true,,,2025-11-26T17:20:00Z
ATT-000793,SES-00115,STU-00021,true,,,2025-11-26T18:08:00Z
ATT-000794,SES-00115,STU-00027,true,,,2025-11-26T15:48:00Z
ATT-000795,SES-00115,STU-00033,true,,,2025-11-26T14:07:00Z
ATT-000796,SES-00115,STU-00039,true,,,2025-11-26T15:44:00Z
ATT-000797,SES-00115,STU-00045,true,,,2025-11-26T15:59:00Z
ATT-000798,SES-00115,STU-00051,true,,,2025-11-26T18:24:00Z
ATT-000799,SES-00115,STU-00057,true,37,,2025-11-26T14:00:00Z
ATT-000800,SES-00116,STU-00003,true,,,2025-11-27T18:56:00Z
ATT-000801,SES-00116,STU-00009,true,,,2025-11-27T17:44:00Z
ATT-000802,SES-00116,STU-00015,true,,,2025-11-27T16:33:00Z
ATT-000803,SES-00116,STU-00021,true,,,2025-11-27T15:39:00Z
ATT-000804,SES-00116,STU-00027,true,,,2025-11-27T17:39:00Z
ATT-000805,SES-00116,STU-00033,false,,family,2025-11-27T16:22:00Z
ATT-000806,SES-00116,STU-00039,true,,,2025-11-27T15:07:00Z
ATT-000807,SES-00116,STU-00045,false,,no_show,2025-11-27T18:23:00Z
ATT-000808,SES-00116,STU-00051,false,,no_show,2025-11-27T18:14:00Z
ATT-000809,SES-00116,STU-00057,true,,,2025-11-27T15:17:00Z
ATT-000810,SES-00117,STU-00003,true,,,2025-11-28T15:43:00Z
ATT-000811,SES-00117,STU-00009,false,,no_show,2025-11-28T17:11:00Z
ATT-000812,SES-00117,STU-00015,true,,,2025-11-28T14:41:00Z
ATT-000813,SES-00117,STU-00021,true,,,2025-11-28T16:21:00Z
ATT-000814,SES-00117,STU-00027,true,,,2025-11-28T17:02:00Z
ATT-000815,SES-00117,STU-00033,true,38,,2025-11-28T15:10:00Z
ATT-000816,SES-00117,STU-00039,true,,,2025-11-28T14:04:00Z
ATT-000817,SES-00117,STU-00045,false,,unknown,2025-11-28T18:37:00Z
ATT-000818,SES-00117,STU-00051,true,,,2025-11-28T16:14:00Z
ATT-000819,SES-00117,STU-00057,true,,,2025-11-28T14:15:00Z
ATT-000820,SES-00118,STU-00004,false,,unknown,2025-09-01T17:57:00Z
ATT-000821,SES-00118,STU-00010,true,,,2025-09-01T17:03:00Z
ATT-000822,SES-00118,STU-00016,false,,illness,2025-09-01T18:29:00Z
ATT-000823,SES-00118,STU-00022,true,,,2025-09-01T17:46:00Z
ATT-000824,SES-00118,STU-00028,true,,,2025-09-01T16:12:00Z
ATT-000825,SES-00118,STU-00040,true,39,,2025-09-01T14:17:00Z
ATT-000826,SES-00118,STU-00046,true,,,2025-09-01T17:26:00Z
ATT-000827,SES-00118,STU-00052,true,,,2025-09-01T16:38:00Z
ATT-000828,SES-00118,STU-00058,true,,,2025-09-01T18:57:00Z
ATT-000829,SES-00119,STU-00004,true,,,2025-09-02T15:05:00Z
ATT-000830,SES-00119,STU-00010,true,,,2025-09-02T15:37:00Z
ATT-000831,SES-00119,STU-00016,true,,,2025-09-02T14:46:00Z
ATT-000832,SES-00119,STU-00022,true,,,2025-09-02T15:20:00Z
ATT-000833,SES-00119,STU-00028,true,,,2025-09-02T18:09:00Z
ATT-000834,SES-00119,STU-00040,false,,unknown,2025-09-02T17:02:00Z
ATT-000835,SES-00119,STU-00046,true,,,2025-09-02T18:02:00Z
ATT-000836,SES-00119,STU-00052,true,,,2025-09-02T14:28:00Z
ATT-000837,SES-00119,STU-00058,true,,,2025-09-02T14:44:00Z
ATT-000838,SES-00121,STU-00004,false,,no_show,2025-09-08T15:22:00Z
ATT-000839,SES-00121,STU-00010,true,,,2025-09-08T14:01:00Z
ATT-000840,SES-00121,STU-00016,true,,,2025-09-08T17:54:00Z
ATT-000841,SES-00121,STU-00022,true,,,2025-09-08T17:29:00Z
ATT-000842,SES-00121,STU-00028,true,,,2025-09-08T17:11:00Z
ATT-000843,SES-00121,STU-00040,true,,,2025-09-08T17:45:00Z
ATT-000844,SES-00121,STU-00046,true,,,2025-09-08T14:24:00Z
ATT-000845,SES-00121,STU-00052,false,,school_conflict,2025-09-08T14:18:00Z
ATT-000846,SES-00121,STU-00058,true,,,2025-09-08T18:34:00Z
ATT-000847,SES-00122,STU-00004,true,,,2025-09-09T14:39:00Z
ATT-000848,SES-00122,STU-00010,false,,unknown,2025-09-09T14:32:00Z
ATT-000849,SES-00122,STU-00016,false,,family,2025-09-09T14:07:00Z
ATT-000850,SES-00122,STU-00022,true,,,2025-09-09T14:23:00Z
ATT-000851,SES-00122,STU-00028,true,,,2025-09-09T14:35:00Z
ATT-000852,SES-00122,STU-00040,true,,,2025-09-09T16:15:00Z
ATT-000853,SES-00122,STU-00046,true,,,2025-09-09T18:55:00Z
ATT-000854,SES-00122,STU-00052,false,,illness,2025-09-09T15:20:00Z
ATT-000855,SES-00122,STU-00058,true,,,2025-09-09T17:17:00Z
ATT-000856,SES-00123,STU-00004,true,,,2025-09-12T17:31:00Z
ATT-000857,SES-00123,STU-00010,true,,,2025-09-12T17:45:00Z
ATT-000858,SES-00123,STU-00016,true,,,2025-09-12T16:28:00Z
ATT-000859,SES-00123,STU-00022,true,,,2025-09-12T14:12:00Z
ATT-000860,SES-00123,STU-00028,false,,school_conflict,2025-09-12T14:25:00Z
ATT-000861,SES-00123,STU-00040,false,,illness,2025-09-12T14:06:00Z
ATT-000862,SES-00123,STU-00046,true,,,2025-09-12T15:31:00Z
ATT-000863,SES-00123,STU-00052,true,,,2025-09-12T14:18:00Z
ATT-000864,SES-00123,STU-00058,true,,,2025-09-12T15:30:00Z
ATT-000865,SES-00124,STU-00004,true,,,2025-09-15T14:18:00Z
ATT-000866,SES-00124,STU-00010,true,42,,2025-09-15T15:53:00Z
ATT-000867,SES-00124,STU-00016,false,,family,2025-09-15T17:37:00Z
ATT-000868,SES-00124,STU-00022,true,,,2025-09-15T16:31:00Z
ATT-000869,SES-00124,STU-00028,true,,,2025-09-15T18:28:00Z
ATT-000870,SES-00124,STU-00040,true,,,2025-09-15T16:10:00Z
ATT-000871,SES-00124,STU-00046,false,,illness,2025-09-15T16:18:00Z
ATT-000872,SES-00124,STU-00052,true,35,,2025-09-15T16:29:00Z
ATT-000873,SES-00124,STU-00058,false,,family,2025-09-15T15:45:00Z
ATT-000874,SES-00125,STU-00004,true,,,2025-09-16T15:53:00Z
ATT-000875,SES-00125,STU-00010,true,,,2025-09-16T15:10:00Z
ATT-000876,SES-00125,STU-00016,true,35,,2025-09-16T18:08:00Z
ATT-000877,SES-00125,STU-00022,true,,,2025-09-16T15:35:00Z
ATT-000878,SES-00125,STU-00028,true,,,2025-09-16T16:09:00Z
ATT-000879,SES-00125,STU-00040,true,,,2025-09-16T15:34:00Z
ATT-000880,SES-00125,STU-00046,true,,,2025-09-16T17:59:00Z
ATT-000881,SES-00125,STU-00052,true,,,2025-09-16T17:59:00Z
ATT-000882,SES-00125,STU-00058,true,41,,2025-09-16T18:32:00Z
ATT-000883,SES-00126,STU-00004,true,,,2025-09-19T17:57:00Z
ATT-000884,SES-00126,STU-00010,true,,,2025-09-19T18:42:00Z
ATT-000885,SES-00126,STU-00016,true,,,2025-09-19T17:21:00Z
ATT-000886,SES-00126,STU-00022,true,,,2025-09-19T14:08:00Z
ATT-000887,SES-00126,STU-00028,true,,,2025-09-19T14:25:00Z
ATT-000888,SES-00126,STU-00040,true,,,2025-09-19T16:05:00Z
ATT-000889,SES-00126,STU-00046,true,,,2025-09-19T15:37:00Z
ATT-000890,SES-00126,STU-00052,true,,,2025-09-19T16:12:00Z
ATT-000891,SES-00126,STU-00058,true,,,2025-09-19T17:43:00Z
ATT-000892,SES-00127,STU-00004,true,,,2025-09-22T18:25:00Z
ATT-000893,SES-00127,STU-00010,true,,,2025-09-22T18:32:00Z
ATT-000894,SES-00127,STU-00016,false,,no_show,2025-09-22T16:25:00Z
ATT-000895,SES-00127,STU-00022,true,,,2025-09-22T16:24:00Z
ATT-000896,SES-00127,STU-00028,true,,,2025-09-22T16:19:00Z
ATT-000897,SES-00127,STU-00040,false,,unknown,2025-09-22T14:13:00Z
ATT-000898,SES-00127,STU-00046,false,,school_conflict,2025-09-22T17:51:00Z
ATT-000899,SES-00127,STU-00052,true,,,2025-09-22T17:46:00Z
ATT-000900,SES-00127,STU-00058,false,,illness,2025-09-22T18:38:00Z
ATT-000901,SES-00129,STU-00004,true,,,2025-09-26T17:55:00Z
ATT-000902,SES-00129,STU-00010,true,,,2025-09-26T18:48:00Z
ATT-000903,SES-00129,STU-00016,true,40,,2025-09-26T16:26:00Z
ATT-000904,SES-00129,STU-00022,true,,,2025-09-26T18:48:00Z
ATT-000905,SES-00129,STU-00028,false,,illness,2025-09-26T17:18:00Z
ATT-000906,SES-00129,STU-00040,true,43,,2025-09-26T16:53:00Z
ATT-000907,SES-00129,STU-00046,true,,,2025-09-26T17:14:00Z
ATT-000908,SES-00129,STU-00052,true,34,,2025-09-26T16:40:00Z
ATT-000909,SES-00129,STU-00058,false,,school_conflict,2025-09-26T16:26:00Z
ATT-000910,SES-00130,STU-00004,true,,,2025-09-29T15:01:00Z
ATT-000911,SES-00130,STU-00010,true,,,2025-09-29T14:38:00Z
ATT-000912,SES-00130,STU-00016,true,,,2025-09-29T18:27:00Z
ATT-000913,SES-00130,STU-00022,false,,family,2025-09-29T17:44:00Z
ATT-000914,SES-00130,STU-00028,true,,,2025-09-29T18:01:00Z
ATT-000915,SES-00130,STU-00040,false,,illness,2025-09-29T14:09:00Z
ATT-000916,SES-00130,STU-00046,true,,,2025-09-29T15:22:00Z
ATT-000917,SES-00130,STU-00052,true,,,2025-09-29T17:40:00Z
ATT-000918,SES-00130,STU-00058,false,,school_conflict,2025-09-29T16:18:00Z
ATT-000919,SES-00131,STU-00004,true,,,2025-09-30T18:12:00Z
ATT-000920,SES-00131,STU-00010,true,,,2025-09-30T14:38:00Z
ATT-000921,SES-00131,STU-00016,true,,,2025-09-30T16:52:00Z
ATT-000922,SES-00131,STU-00022,false,,unknown,2025-09-30T16:43:00Z
ATT-000923,SES-00131,STU-00028,true,,,2025-09-30T18:37:00Z
ATT-000924,SES-00131,STU-00040,true,,,2025-09-30T15:33:00Z
ATT-000925,SES-00131,STU-00046,true,,,2025-09-30T17:21:00Z
ATT-000926,SES-00131,STU-00052,false,,illness,2025-09-30T15:09:00Z
ATT-000927,SES-00131,STU-00058,true,,,2025-09-30T18:39:00Z
ATT-000928,SES-00132,STU-00004,true,,,2025-10-03T18:45:00Z
ATT-000929,SES-00132,STU-00010,true,,,2025-10-03T14:26:00Z
ATT-000930,SES-00132,STU-00016,true,43,,2025-10-03T15:59:00Z
ATT-000931,SES-00132,STU-00022,true,,,2025-10-03T16:08:00Z
ATT-000932,SES-00132,STU-00028,true,,,2025-10-03T18:33:00Z
ATT-000933,SES-00132,STU-00040,true,,,2025-10-03T16:01:00Z
ATT-000934,SES-00132,STU-00046,false,,illness,2025-10-03T15:54:00Z
ATT-000935,SES-00132,STU-00052,true,,,2025-10-03T16:08:00Z
ATT-000936,SES-00132,STU-00058,true,,,2025-10-03T17:44:00Z
ATT-000937,SES-00133,STU-00004,false,,illness,2025-10-06T14:49:00Z
ATT-000938,SES-00133,STU-00010,true,,,2025-10-06T15:06:00Z
ATT-000939,SES-00133,STU-00016,true,,,2025-10-06T18:03:00Z
ATT-000940,SES-00133,STU-00022,true,,,2025-10-06T14:04:00Z
ATT-000941,SES-00133,STU-00028,true,31,,2025-10-06T14:58:00Z
ATT-000942,SES-00133,STU-00040,true,,,2025-10-06T15:11:00Z
ATT-000943,SES-00133,STU-00046,true,32,,2025-10-06T16:37:00Z
ATT-000944,SES-00133,STU-00052,true,,,2025-10-06T18:49:00Z
ATT-000945,SES-00133,STU-00058,false,,illness,2025-10-06T18:04:00Z
ATT-000946,SES-00134,STU-00004,true,,,2025-10-07T14:33:00Z
ATT-000947,SES-00134,STU-00010,true,,,2025-10-07T16:10:00Z
ATT-000948,SES-00134,STU-00016,false,,school_conflict,2025-10-07T14:59:00Z
ATT-000949,SES-00134,STU-00022,true,,,2025-10-07T17:23:00Z
ATT-000950,SES-00134,STU-00028,true,,,2025-10-07T14:11:00Z
ATT-000951,SES-00134,STU-00040,false,,no_show,2025-10-07T17:13:00Z
ATT-000952,SES-00134,STU-00046,true,,,2025-10-07T16:07:00Z
ATT-000953,SES-00134,STU-00052,true,,,2025-10-07T17:48:00Z
ATT-000954,SES-00134,STU-00058,true,,,2025-10-07T14:05:00Z
ATT-000955,SES-00136,STU-00004,true,,,2025-10-13T16:29:00Z
ATT-000956,SES-00136,STU-00010,true,,,2025-10-13T17:14:00Z
ATT-000957,SES-00136,STU-00016,true,,,2025-10-13T17:12:00Z
ATT-000958,SES-00136,STU-00022,false,,unknown,2025-10-13T17:43:00Z
ATT-000959,SES-00136,STU-00028,true,40,,2025-10-13T17:43:00Z
ATT-000960,SES-00136,STU-00040,true,,,2025-10-13T14:07:00Z
ATT-000961,SES-00136,STU-00046,true,,,2025-10-13T18:06:00Z
ATT-000962,SES-00136,STU-00052,true,,,2025-10-13T15:04:00Z
ATT-000963,SES-00136,STU-00058,true,,,2025-10-13T15:38:00Z
ATT-000964,SES-00137,STU-00004,false,,school_conflict,2025-10-14T15:53:00Z
ATT-000965,SES-00137,STU-00010,true,,,2025-10-14T18:37:00Z
ATT-000966,SES-00137,STU-00016,true,,,2025-10-14T17:22:00Z
ATT-000967,SES-00137,STU-00022,true,,,2025-10-14T17:31:00Z
ATT-000968,SES-00137,STU-00028,true,,,2025-10-14T17:06:00Z
ATT-000969,SES-00137,STU-00040,true,,,2025-10-14T15:40:00Z
ATT-000970,SES-00137,STU-00046,false,,illness,2025-10-14T14:53:00Z
ATT-000971,SES-00137,STU-00052,true,,,2025-10-14T15:24:00Z
ATT-000972,SES-00137,STU-00058,true,,,2025-10-14T16:39:00Z
ATT-000973,SES-00141,STU-00004,true,,,2025-10-24T18:49:00Z
ATT-000974,SES-00141,STU-00010,true,,,2025-10-24T16:42:00Z
ATT-000975,SES-00141,STU-00016,true,,,2025-10-24T18:21:00Z
ATT-000976,SES-00141,STU-00022,true,,,2025-10-24T14:48:00Z
ATT-000977,SES-00141,STU-00028,true,,,2025-10-24T14:24:00Z
ATT-000978,SES-00141,STU-00040,true,,,2025-10-24T17:29:00Z
ATT-000979,SES-00141,STU-00046,true,,,2025-10-24T16:56:00Z
ATT-000980,SES-00141,STU-00052,true,,,2025-10-24T15:19:00Z
ATT-000981,SES-00141,STU-00058,false,,school_conflict,2025-10-24T14:36:00Z
ATT-000982,SES-00143,STU-00004,true,,,2025-10-28T18:36:00Z
ATT-000983,SES-00143,STU-00010,true,,,2025-10-28T15:32:00Z
ATT-000984,SES-00143,STU-00016,true,,,2025-10-28T18:24:00Z
ATT-000985,SES-00143,STU-00022,true,,,2025-10-28T16:20:00Z
ATT-000986,SES-00143,STU-00028,true,,,2025-10-28T15:53:00Z
ATT-000987,SES-00143,STU-00040,true,,,2025-10-28T18:01:00Z
ATT-000988,SES-00143,STU-00046,false,,family,2025-10-28T17:06:00Z
ATT-000989,SES-00143,STU-00052,true,,,2025-10-28T17:22:00Z
ATT-000990,SES-00143,STU-00058,true,,,2025-10-28T15:41:00Z
ATT-000991,SES-00144,STU-00004,true,,,2025-10-31T14:55:00Z
ATT-000992,SES-00144,STU-00010,true,,,2025-10-31T14:34:00Z
ATT-000993,SES-00144,STU-00016,true,,,2025-10-31T17:36:00Z
ATT-000994,SES-00144,STU-00022,true,,,2025-10-31T14:44:00Z
ATT-000995,SES-00144,STU-00028,true,35,,2025-10-31T17:36:00Z
ATT-000996,SES-00144,STU-00040,true,,,2025-10-31T17:06:00Z
ATT-000997,SES-00144,STU-00046,true,,,2025-10-31T17:32:00Z
ATT-000998,SES-00144,STU-00052,true,,,2025-10-31T15:39:00Z
ATT-000999,SES-00144,STU-00058,true,,,2025-10-31T15:31:00Z
ATT-001000,SES-00145,STU-00004,true,,,2025-11-03T14:53:00Z
ATT-001001,SES-00145,STU-00010,false,,illness,2025-11-03T16:03:00Z
ATT-001002,SES-00145,STU-00016,true,,,2025-11-03T15:39:00Z
ATT-001003,SES-00145,STU-00022,true,,,2025-11-03T18:06:00Z
ATT-001004,SES-00145,STU-00028,true,,,2025-11-03T18:51:00Z
ATT-001005,SES-00145,STU-00040,true,,,2025-11-03T16:50:00Z
ATT-001006,SES-00145,STU-00046,true,,,2025-11-03T18:51:00Z
ATT-001007,SES-00145,STU-00052,true,,,2025-11-03T16:12:00Z
ATT-001008,SES-00145,STU-00058,true,,,2025-11-03T18:29:00Z
ATT-001009,SES-00146,STU-00004,true,,,2025-11-04T14:40:00Z
ATT-001010,SES-00146,STU-00010,true,,,2025-11-04T18:31:00Z
ATT-001011,SES-00146,STU-00016,true,,,2025-11-04T17:17:00Z
ATT-001012,SES-00146,STU-00022,false,,school_conflict,2025-11-04T18:54:00Z
ATT-001013,SES-00146,STU-00028,true,,,2025-11-04T18:46:00Z
ATT-001014,SES-00146,STU-00040,true,,,2025-11-04T16:29:00Z
ATT-001015,SES-00146,STU-00046,true,,,2025-11-04T16:54:00Z
ATT-001016,SES-00146,STU-00052,true,,,2025-11-04T14:40:00Z
ATT-001017,SES-00146,STU-00058,true,,,2025-11-04T16:41:00Z
ATT-001018,SES-00147,STU-00004,true,,,2025-11-07T15:25:00Z
ATT-001019,SES-00147,STU-00010,true,,,2025-11-07T14:15:00Z
ATT-001020,SES-00147,STU-00016,true,,,2025-11-07T17:35:00Z
ATT-001021,SES-00147,STU-00022,false,,school_conflict,2025-11-07T14:12:00Z
ATT-001022,SES-00147,STU-00028,true,,,2025-11-07T16:50:00Z
ATT-001023,SES-00147,STU-00040,true,,,2025-11-07T15:41:00Z
ATT-001024,SES-00147,STU-00046,false,,no_show,2025-11-07T17:50:00Z
ATT-001025,SES-00147,STU-00052,true,,,2025-11-07T14:20:00Z
ATT-001026,SES-00147,STU-00058,true,,,2025-11-07T17:57:00Z
ATT-001027,SES-00148,STU-00004,true,,,2025-11-10T14:25:00Z
ATT-001028,SES-00148,STU-00010,false,,unknown,2025-11-10T15:15:00Z
ATT-001029,SES-00148,STU-00016,true,,,2025-11-10T14:33:00Z
ATT-001030,SES-00148,STU-00022,true,,,2025-11-10T18:16:00Z
ATT-001031,SES-00148,STU-00028,true,,,2025-11-10T18:07:00Z
ATT-001032,SES-00148,STU-00040,true,,,2025-11-10T18:47:00Z
ATT-001033,SES-00148,STU-00046,true,,,2025-11-10T15:59:00Z
ATT-001034,SES-00148,STU-00052,true,,,2025-11-10T15:13:00Z
ATT-001035,SES-00148,STU-00058,false,,school_conflict,2025-11-10T16:55:00Z
ATT-001036,SES-00149,STU-00004,true,,,2025-11-11T16:44:00Z
ATT-001037,SES-00149,STU-00010,false,,school_conflict,2025-11-11T17:30:00Z
ATT-001038,SES-00149,STU-00016,true,,,2025-11-11T15:23:00Z
ATT-001039,SES-00149,STU-00022,true,,,2025-11-11T16:01:00Z
ATT-001040,SES-00149,STU-00028,true,,,2025-11-11T14:53:00Z
ATT-001041,SES-00149,STU-00040,true,,,2025-11-11T14:44:00Z
ATT-001042,SES-00149,STU-00046,false,,family,2025-11-11T16:35:00Z
ATT-001043,SES-00149,STU-00052,true,,,2025-11-11T16:57:00Z
ATT-001044,SES-00149,STU-00058,false,,illness,2025-11-11T15:54:00Z
ATT-001045,SES-00150,STU-00004,true,36,,2025-11-14T16:19:00Z
ATT-001046,SES-00150,STU-00010,true,,,2025-11-14T15:19:00Z
ATT-001047,SES-00150,STU-00016,true,,,2025-11-14T17:40:00Z
ATT-001048,SES-00150,STU-00022,true,,,2025-11-14T17:50:00Z
ATT-001049,SES-00150,STU-00028,true,,,2025-11-14T17:30:00Z
ATT-001050,SES-00150,STU-00040,true,,,2025-11-14T16:45:00Z
ATT-001051,SES-00150,STU-00046,true,,,2025-11-14T14:52:00Z
ATT-001052,SES-00150,STU-00052,true,,,2025-11-14T14:22:00Z
ATT-001053,SES-00150,STU-00058,true,,,2025-11-14T18:47:00Z
ATT-001054,SES-00151,STU-00004,true,,,2025-11-17T14:41:00Z
ATT-001055,SES-00151,STU-00010,true,,,2025-11-17T15:00:00Z
ATT-001056,SES-00151,STU-00016,true,,,2025-11-17T16:36:00Z
ATT-001057,SES-00151,STU-00022,true,,,2025-11-17T18:45:00Z
ATT-001058,SES-00151,STU-00028,false,,unknown,2025-11-17T15:54:00Z
ATT-001059,SES-00151,STU-00040,true,,,2025-11-17T16:28:00Z
ATT-001060,SES-00151,STU-00046,true,,,2025-11-17T16:11:00Z
ATT-001061,SES-00151,STU-00052,true,,,2025-11-17T16:12:00Z
ATT-001062,SES-00151,STU-00058,true,,,2025-11-17T17:56:00Z
ATT-001063,SES-00152,STU-00004,true,,,2025-11-18T18:14:00Z
ATT-001064,SES-00152,STU-00010,true,38,,2025-11-18T18:40:00Z
ATT-001065,SES-00152,STU-00016,true,,,2025-11-18T17:12:00Z
ATT-001066,SES-00152,STU-00022,true,,,2025-11-18T14:25:00Z
ATT-001067,SES-00152,STU-00028,true,,,2025-11-18T15:05:00Z
ATT-001068,SES-00152,STU-00040,false,,illness,2025-11-18T18:07:00Z
ATT-001069,SES-00152,STU-00046,true,,,2025-11-18T17:52:00Z
ATT-001070,SES-00152,STU-00052,true,,,2025-11-18T15:12:00Z
ATT-001071,SES-00152,STU-00058,false,,unknown,2025-11-18T16:18:00Z
ATT-001072,SES-00154,STU-00004,false,,school_conflict,2025-11-24T17:54:00Z
ATT-001073,SES-00154,STU-00010,true,,,2025-11-24T16:46:00Z
ATT-001074,SES-00154,STU-00016,true,,,2025-11-24T17:50:00Z
ATT-001075,SES-00154,STU-00022,true,,,2025-11-24T16:15:00Z
ATT-001076,SES-00154,STU-00028,true,,,2025-11-24T16:37:00Z
ATT-001077,SES-00154,STU-00040,true,,,2025-11-24T14:30:00Z
ATT-001078,SES-00154,STU-00046,true,,,2025-11-24T17:43:00Z
ATT-001079,SES-00154,STU-00052,true,,,2025-11-24T17:47:00Z
ATT-001080,SES-00154,STU-00058,true,38,,2025-11-24T14:03:00Z
ATT-001081,SES-00155,STU-00004,true,,,2025-11-25T16:38:00Z
ATT-001082,SES-00155,STU-00010,false,,no_show,2025-11-25T18:45:00Z
ATT-001083,SES-00155,STU-00016,true,34,,2025-11-25T18:39:00Z
ATT-001084,SES-00155,STU-00022,true,,,2025-11-25T16:08:00Z
ATT-001085,SES-00155,STU-00028,false,,family,2025-11-25T18:11:00Z
ATT-001086,SES-00155,STU-00040,true,,,2025-11-25T16:56:00Z
ATT-001087,SES-00155,STU-00046,true,,,2025-11-25T18:27:00Z
ATT-001088,SES-00155,STU-00052,true,,,2025-11-25T14:08:00Z
ATT-001089,SES-00155,STU-00058,true,,,2025-11-25T16:47:00Z
ATT-001090,SES-00157,STU-00005,true,,,2025-09-01T16:39:00Z
ATT-001091,SES-00157,STU-00011,false,,no_show,2025-09-01T18:20:00Z
ATT-001092,SES-00157,STU-00017,true,,,2025-09-01T17:48:00Z
ATT-001093,SES-00157,STU-00023,false,,family,2025-09-01T17:03:00Z
ATT-001094,SES-00157,STU-00029,true,32,,2025-09-01T14:30:00Z
ATT-001095,SES-00157,STU-00035,true,,,2025-09-01T17:07:00Z
ATT-001096,SES-00157,STU-00041,false,,no_show,2025-09-01T14:28:00Z
ATT-001097,SES-00157,STU-00047,true,,,2025-09-01T17:29:00Z
ATT-001098,SES-00157,STU-00053,true,,,2025-09-01T15:07:00Z
ATT-001099,SES-00157,STU-00059,true,,,2025-09-01T16:11:00Z
ATT-001100,SES-00159,STU-00005,false,,unknown,2025-09-04T16:36:00Z
ATT-001101,SES-00159,STU-00011,false,,family,2025-09-04T18:00:00Z
ATT-001102,SES-00159,STU-00017,true,,,2025-09-04T17:58:00Z
ATT-001103,SES-00159,STU-00023,true,,,2025-09-04T14:56:00Z
ATT-001104,SES-00159,STU-00029,true,,,2025-09-04T14:25:00Z
ATT-001105,SES-00159,STU-00035,true,,,2025-09-04T14:53:00Z
ATT-001106,SES-00159,STU-00041,true,37,,2025-09-04T17:29:00Z
ATT-001107,SES-00159,STU-00047,true,,,2025-09-04T14:21:00Z
ATT-001108,SES-00159,STU-00053,false,,family,2025-09-04T17:20:00Z
ATT-001109,SES-00159,STU-00059,false,,no_show,2025-09-04T18:08:00Z
ATT-001110,SES-00160,STU-00005,true,40,,2025-09-08T16:20:00Z
ATT-001111,SES-00160,STU-00011,true,,,2025-09-08T18:38:00Z
ATT-001112,SES-00160,STU-00017,true,,,2025-09-08T15:15:00Z
ATT-001113,SES-00160,STU-00023,false,,unknown,2025-09-08T14:01:00Z
ATT-001114,SES-00160,STU-00029,false,,illness,2025-09-08T17:18:00Z
ATT-001115,SES-00160,STU-00035,true,,,2025-09-08T15:07:00Z
ATT-001116,SES-00160,STU-00041,true,,,2025-09-08T16:57:00Z
ATT-001117,SES-00160,STU-00047,true,,,2025-09-08T14:53:00Z
ATT-001118,SES-00160,STU-00053,true,,,2025-09-08T17:56:00Z
ATT-001119,SES-00160,STU-00059,true,,,2025-09-08T18:27:00Z
ATT-001120,SES-00161,STU-00005,true,,,2025-09-09T16:39:00Z
ATT-001121,SES-00161,STU-00011,true,,,2025-09-09T14:02:00Z
ATT-001122,SES-00161,STU-00017,true,,,2025-09-09T15:41:00Z
ATT-001123,SES-00161,STU-00023,true,,,2025-09-09T17:33:00Z
ATT-001124,SES-00161,STU-00029,true,,,2025-09-09T16:29:00Z
ATT-001125,SES-00161,STU-00035,true,,,2025-09-09T17:19:00Z
ATT-001126,SES-00161,STU-00041,true,,,2025-09-09T16:53:00Z
ATT-001127,SES-00161,STU-00047,true,,,2025-09-09T18:03:00Z
ATT-001128,SES-00161,STU-00053,true,,,2025-09-09T18:06:00Z
ATT-001129,SES-00161,STU-00059,true,,,2025-09-09T17:42:00Z
ATT-001130,SES-00162,STU-00005,true,,,2025-09-11T16:16:00Z
ATT-001131,SES-00162,STU-00011,true,,,2025-09-11T14:07:00Z
ATT-001132,SES-00162,STU-00017,true,,,2025-09-11T15:53:00Z
ATT-001133,SES-00162,STU-00023,true,,,2025-09-11T16:20:00Z
ATT-001134,SES-00162,STU-00029,true,,,2025-09-11T17:39:00Z
ATT-001135,SES-00162,STU-00035,true,,,2025-09-11T15:13:00Z
ATT-001136,SES-00162,STU-00041,true,,,2025-09-11T18:16:00Z
ATT-001137,SES-00162,STU-00047,false,,illness,2025-09-11T18:01:00Z
ATT-001138,SES-00162,STU-00053,true,,,2025-09-11T15:41:00Z
ATT-001139,SES-00162,STU-00059,true,,,2025-09-11T18:46:00Z
ATT-001140,SES-00163,STU-00005,true,,,2025-09-15T18:23:00Z
ATT-001141,SES-00163,STU-00011,true,,,2025-09-15T17:51:00Z
ATT-001142,SES-00163,STU-00017,true,,,2025-09-15T14:12:00Z
ATT-001143,SES-00163,STU-00023,true,33,,2025-09-15T14:13:00Z
ATT-001144,SES-00163,STU-00029,true,,,2025-09-15T15:27:00Z
ATT-001145,SES-00163,STU-00035,false,,unknown,2025-09-15T18:12:00Z
ATT-001146,SES-00163,STU-00041,true,,,2025-09-15T15:30:00Z
ATT-001147,SES-00163,STU-00047,true,,,2025-09-15T15:47:00Z
ATT-001148,SES-00163,STU-00053,true,,,2025-09-15T17:01:00Z
ATT-001149,SES-00163,STU-00059,false,,family,2025-09-15T15:18:00Z
ATT-001150,SES-00164,STU-00005,true,,,2025-09-16T14:21:00Z
ATT-001151,SES-00164,STU-00011,true,,,2025-09-16T17:26:00Z
ATT-001152,SES-00164,STU-00017,false,,unknown,2025-09-16T18:46:00Z
ATT-001153,SES-00164,STU-00023,true,,,2025-09-16T17:25:00Z
ATT-001154,SES-00164,STU-00029,true,,,2025-09-16T18:59:00Z
ATT-001155,SES-00164,STU-00035,true,,,2025-09-16T17:14:00Z
ATT-001156,SES-00164,STU-00041,true,,,2025-09-16T17:36:00Z
ATT-001157,SES-00164,STU-00047,true,44,,2025-09-16T17:56:00Z
ATT-001158,SES-00164,STU-00053,true,,,2025-09-16T16:28:00Z
ATT-001159,SES-00164,STU-00059,true,34,,2025-09-16T15:30:00Z
ATT-001160,SES-00165,STU-00005,true,,,2025-09-18T15:37:00Z
ATT-001161,SES-00165,STU-00011,false,,school_conflict,2025-09-18T18:54:00Z
ATT-001162,SES-00165,STU-00017,false,,family,2025-09-18T15:56:00Z
ATT-001163,SES-00165,STU-00023,true,,,2025-09-18T17:53:00Z
ATT-001164,SES-00165,STU-00029,false,,family,2025-09-18T16:50:00Z
ATT-001165,SES-00165,STU-00035,true,,,2025-09-18T15:39:00Z
ATT-001166,SES-00165,STU-00041,true,,,2025-09-18T14:42:00Z
ATT-001167,SES-00165,STU-00047,true,,,2025-09-18T15:38:00Z
ATT-001168,SES-00165,STU-00053,true,,,2025-09-18T17:19:00Z
ATT-001169,SES-00165,STU-00059,true,,,2025-09-18T14:22:00Z
ATT-001170,SES-00166,STU-00005,false,,school_conflict,2025-09-22T15:11:00Z
ATT-001171,SES-00166,STU-00011,false,,unknown,2025-09-22T14:51:00Z
ATT-001172,SES-00166,STU-00017,true,,,2025-09-22T18:14:00Z
ATT-001173,SES-00166,STU-00023,true,,,2025-09-22T16:21:00Z
ATT-001174,SES-00166,STU-00029,true,,,2025-09-22T18:17:00Z
ATT-001175,SES-00166,STU-00035,false,,unknown,2025-09-22T18:38:00Z
ATT-001176,SES-00166,STU-00041,true,,,2025-09-22T17:51:00Z
ATT-001177,SES-00166,STU-00047,true,,,2025-09-22T14:06:00Z
ATT-001178,SES-00166,STU-00053,true,,,2025-09-22T14:52:00Z
ATT-001179,SES-00166,STU-00059,true,,,2025-09-22T15:40:00Z
ATT-001180,SES-00167,STU-00005,true,,,2025-09-23T16:10:00Z
ATT-001181,SES-00167,STU-00011,true,,,2025-09-23T18:31:00Z
ATT-001182,SES-00167,STU-00017,true,,,2025-09-23T16:21:00Z
ATT-001183,SES-00167,STU-00023,true,,,2025-09-23T15:28:00Z
ATT-001184,SES-00167,STU-00029,false,,unknown,2025-09-23T14:15:00Z
ATT-001185,SES-00167,STU-00035,false,,school_conflict,2025-09-23T16:32:00Z
ATT-001186,SES-00167,STU-00041,true,,,2025-09-23T17:23:00Z
ATT-001187,SES-00167,STU-00047,true,,,2025-09-23T18:26:00Z
ATT-001188,SES-00167,STU-00053,true,,,2025-09-23T17:26:00Z
ATT-001189,SES-00167,STU-00059,false,,unknown,2025-09-23T18:50:00Z
ATT-001190,SES-00168,STU-00005,true,,,2025-09-25T17:09:00Z
ATT-001191,SES-00168,STU-00011,true,,,2025-09-25T18:04:00Z
ATT-001192,SES-00168,STU-00017,true,,,2025-09-25T15:27:00Z
ATT-001193,SES-00168,STU-00023,true,,,2025-09-25T15:57:00Z
ATT-001194,SES-00168,STU-00029,true,,,2025-09-25T18:18:00Z
ATT-001195,SES-00168,STU-00035,true,,,2025-09-25T18:55:00Z
ATT-001196,SES-00168,STU-00041,true,,,2025-09-25T16:00:00Z
ATT-001197,SES-00168,STU-00047,false,,no_show,2025-09-25T18:58:00Z
ATT-001198,SES-00168,STU-00053,true,,,2025-09-25T15:56:00Z
ATT-001199,SES-00168,STU-00059,true,,,2025-09-25T17:44:00Z
ATT-001200,SES-00169,STU-00005,true,,,2025-09-29T17:49:00Z
ATT-001201,SES-00169,STU-00011,true,,,2025-09-29T14:34:00Z
ATT-001202,SES-00169,STU-00017,true,,,2025-09-29T15:33:00Z
ATT-001203,SES-00169,STU-00023,false,,illness,2025-09-29T14:32:00Z
ATT-001204,SES-00169,STU-00029,true,,,2025-09-29T15:01:00Z
ATT-001205,SES-00169,STU-00035,true,,,2025-09-29T18:16:00Z
ATT-001206,SES-00169,STU-00041,true,,,2025-09-29T17:32:00Z
ATT-001207,SES-00169,STU-00047,true,35,,2025-09-29T16:40:00Z
ATT-001208,SES-00169,STU-00053,true,,,2025-09-29T14:28:00Z
ATT-001209,SES-00169,STU-00059,true,,,2025-09-29T17:21:00Z
ATT-001210,SES-00170,STU-00005,false,,unknown,2025-09-30T18:36:00Z
ATT-001211,SES-00170,STU-00011,true,,,2025-09-30T18:54:00Z
ATT-001212,SES-00170,STU-00017,true,,,2025-09-30T16:42:00Z
ATT-001213,SES-00170,STU-00023,true,,,2025-09-30T15:45:00Z
ATT-001214,SES-00170,STU-00029,true,,,2025-09-30T14:20:00Z
ATT-001215,SES-00170,STU-00035,true,,,2025-09-30T16:29:00Z
ATT-001216,SES-00170,STU-00041,true,,,2025-09-30T17:05:00Z
ATT-001217,SES-00170,STU-00047,true,,,2025-09-30T15:30:00Z
ATT-001218,SES-00170,STU-00053,true,40,,2025-09-30T18:25:00Z
ATT-001219,SES-00170,STU-00059,true,,,2025-09-30T17:55:00Z
ATT-001220,SES-00171,STU-00005,true,,,2025-10-02T17:28:00Z
ATT-001221,SES-00171,STU-00011,true,,,2025-10-02T17:52:00Z
ATT-001222,SES-00171,STU-00017,true,,,2025-10-02T17:45:00Z
ATT-001223,SES-00171,STU-00023,true,,,2025-10-02T18:55:00Z
ATT-001224,SES-00171,STU-00029,true,,,2025-10-02T17:30:00Z
ATT-001225,SES-00171,STU-00035,true,,,2025-10-02T18:23:00Z
ATT-001226,SES-00171,STU-00041,false,,illness,2025-10-02T17:07:00Z
ATT-001227,SES-00171,STU-00047,true,,,2025-10-02T14:33:00Z
ATT-001228,SES-00171,STU-00053,true,,,2025-10-02T16:19:00Z
ATT-001229,SES-00171,STU-00059,true,32,,2025-10-02T15:50:00Z
ATT-001230,SES-00172,STU-00005,true,44,,2025-10-06T16:56:00Z
ATT-001231,SES-00172,STU-00011,true,,,2025-10-06T17:00:00Z
ATT-001232,SES-00172,STU-00017,true,,,2025-10-06T14:26:00Z
ATT-001233,SES-00172,STU-00023,true,,,2025-10-06T17:57:00Z
ATT-001234,SES-00172,STU-00029,true,,,2025-10-06T18:08:00Z
ATT-001235,SES-00172,STU-00035,true,,,2025-10-06T17:48:00Z
ATT-001236,SES-00172,STU-00041,true,,,2025-10-06T16:05:00Z
ATT-001237,SES-00172,STU-00047,true,,,2025-10-06T17:24:00Z
ATT-001238,SES-00172,STU-00053,true,,,2025-10-06T18:02:00Z
ATT-001239,SES-00172,STU-00059,false,,unknown,2025-10-06T16:41:00Z
ATT-001240,SES-00173,STU-00005,true,,,2025-10-07T14:36:00Z
ATT-001241,SES-00173,STU-00011,true,,,2025-10-07T16:35:00Z
ATT-001242,SES-00173,STU-00017,true,,,2025-10-07T14:12:00Z
ATT-001243,SES-00173,STU-00023,false,,school_conflict,2025-10-07T14:36:00Z
ATT-001244,SES-00173,STU-00029,true,,,2025-10-07T18:57:00Z
ATT-001245,SES-00173,STU-00035,true,,,2025-10-07T18:11:00Z
ATT-001246,SES-00173,STU-00041,false,,illness,2025-10-07T15:15:00Z
ATT-001247,SES-00173,STU-00047,false,,unknown,2025-10-07T18:28:00Z
ATT-001248,SES-00173,STU-00053,true,,,2025-10-07T16:25:00Z
ATT-001249,SES-00173,STU-00059,true,,,2025-10-07T14:21:00Z
ATT-001250,SES-00175,STU-00005,true,,,2025-10-13T18:20:00Z
ATT-001251,SES-00175,STU-00011,true,,,2025-10-13T14:34:00Z
ATT-001252,SES-00175,STU-00017,true,,,2025-10-13T16:49:00Z
ATT-001253,SES-00175,STU-00023,true,,,2025-10-13T17:43:00Z
ATT-001254,SES-00175,STU-00029,true,,,2025-10-13T16:11:00Z
ATT-001255,SES-00175,STU-00035,true,36,,2025-10-13T14:20:00Z
ATT-001256,SES-00175,STU-00041,true,,,2025-10-13T16:24:00Z
ATT-001257,SES-00175,STU-00047,false,,unknown,2025-10-13T14:12:00Z
ATT-001258,SES-00175,STU-00053,true,,,2025-10-13T15:31:00Z
ATT-001259,SES-00175,STU-00059,true,,,2025-10-13T14:17:00Z
ATT-001260,SES-00176,STU-00005,true,,,2025-10-14T17:04:00Z
ATT-001261,SES-00176,STU-00011,true,,,2025-10-14T15:58:00Z
ATT-001262,SES-00176,STU-00017,false,,illness,2025-10-14T18:43:00Z
ATT-001263,SES-00176,STU-00023,true,,,2025-10-14T15:19:00Z
ATT-001264,SES-00176,STU-00029,true,,,2025-10-14T18:13:00Z
ATT-001265,SES-00176,STU-00035,true,,,2025-10-14T18:10:00Z
ATT-001266,SES-00176,STU-00041,true,,,2025-10-14T17:58:00Z
ATT-001267,SES-00176,STU-00047,true,43,,2025-10-14T17:53:00Z
ATT-001268,SES-00176,STU-00053,true,,,2025-10-14T15:00:00Z
ATT-001269,SES-00176,STU-00059,true,,,2025-10-14T16:38:00Z
ATT-001270,SES-00177,STU-00005,true,,,2025-10-16T16:53:00Z
ATT-001271,SES-00177,STU-00011,true,,,2025-10-16T18:18:00Z
ATT-001272,SES-00177,STU-00017,true,,,2025-10-16T18:04:00Z
ATT-001273,SES-00177,STU-00023,true,,,2025-10-16T14:53:00Z
ATT-001274,SES-00177,STU-00029,true,,,2025-10-16T16:56:00Z
ATT-001275,SES-00177,STU-00035,true,,,2025-10-16T16:56:00Z
ATT-001276,SES-00177,STU-00041,true,,,2025-10-16T16:48:00Z
ATT-001277,SES-00177,STU-00047,true,,,2025-10-16T16:21:00Z
ATT-001278,SES-00177,STU-00053,true,,,2025-10-16T16:01:00Z
ATT-001279,SES-00177,STU-00059,false,,illness,2025-10-16T14:38:00Z
ATT-001280,SES-00178,STU-00005,true,,,2025-10-20T15:26:00Z
ATT-001281,SES-00178,STU-00011,true,,,2025-10-20T17:48:00Z
ATT-001282,SES-00178,STU-00017,true,,,2025-10-20T14:34:00Z
ATT-001283,SES-00178,STU-00023,true,,,2025-10-20T17:43:00Z
ATT-001284,SES-00178,STU-00029,true,,,2025-10-20T17:52:00Z
ATT-001285,SES-00178,STU-00035,true,,,2025-10-20T14:07:00Z
ATT-001286,SES-00178,STU-00041,true,,,2025-10-20T17:00:00Z
ATT-001287,SES-00178,STU-00047,true,34,,2025-10-20T16:12:00Z
ATT-001288,SES-00178,STU-00053,true,,,2025-10-20T16:51:00Z
ATT-001289,SES-00178,STU-00059,true,,,2025-10-20T17:23:00Z
ATT-001290,SES-00179,STU-00005,true,,,2025-10-21T18:13:00Z
ATT-001291,SES-00179,STU-00011,true,,,2025-10-21T17:07:00Z
ATT-001292,SES-00179,STU-00017,false,,family,2025-10-21T17:10:00Z
ATT-001293,SES-00179,STU-00023,true,,,2025-10-21T18:43:00Z
ATT-001294,SES-00179,STU-00029,true,,,2025-10-21T14:37:00Z
ATT-001295,SES-00179,STU-00035,true,34,,2025-10-21T18:54:00Z
ATT-001296,SES-00179,STU-00041,true,,,2025-10-21T16:12:00Z
ATT-001297,SES-00179,STU-00047,false,,illness,2025-10-21T18:39:00Z
ATT-001298,SES-00179,STU-00053,true,,,2025-10-21T17:00:00Z
ATT-001299,SES-00179,STU-00059,false,,family,2025-10-21T14:54:00Z
ATT-001300,SES-00180,STU-00005,false,,school_conflict,2025-10-23T17:17:00Z
ATT-001301,SES-00180,STU-00011,true,,,2025-10-23T17:23:00Z
ATT-001302,SES-00180,STU-00017,true,41,,2025-10-23T15:03:00Z
ATT-001303,SES-00180,STU-00023,true,,,2025-10-23T17:20:00Z
ATT-001304,SES-00180,STU-00029,true,,,2025-10-23T14:56:00Z
ATT-001305,SES-00180,STU-00035,true,41,,2025-10-23T15:44:00Z
ATT-001306,SES-00180,STU-00041,true,33,,2025-10-23T15:10:00Z
ATT-001307,SES-00180,STU-00047,true,40,,2025-10-23T14:01:00Z
ATT-001308,SES-00180,STU-00053,true,,,2025-10-23T18:51:00Z
ATT-001309,SES-00180,STU-00059,true,,,2025-10-23T16:15:00Z
ATT-001310,SES-00181,STU-00005,true,,,2025-10-27T16:53:00Z
ATT-001311,SES-00181,STU-00011,true,,,2025-10-27T15:04:00Z
ATT-001312,SES-00181,STU-00017,true,,,2025-10-27T14:40:00Z
ATT-001313,SES-00181,STU-00023,true,,,2025-10-27T14:58:00Z
ATT-001314,SES-00181,STU-00029,true,,,2025-10-27T14:50:00Z
ATT-001315,SES-00181,STU-00035,true,,,2025-10-27T17:03:00Z
ATT-001316,SES-00181,STU-00041,true,,,2025-10-27T14:06:00Z
ATT-001317,SES-00181,STU-00047,true,,,2025-10-27T16:54:00Z
ATT-001318,SES-00181,STU-00053,true,,,2025-10-27T17:14:00Z
ATT-001319,SES-00181,STU-00059,false,,unknown,2025-10-27T18:00:00Z
ATT-001320,SES-00182,STU-00005,true,,,2025-10-28T17:56:00Z
ATT-001321,SES-00182,STU-00011,true,,,2025-10-28T14:29:00Z
ATT-001322,SES-00182,STU-00017,true,,,2025-10-28T14:06:00Z
ATT-001323,SES-00182,STU-00023,true,,,2025-10-28T18:50:00Z
ATT-001324,SES-00182,STU-00029,false,,no_show,2025-10-28T15:40:00Z
ATT-001325,SES-00182,STU-00035,true,,,2025-10-28T17:46:00Z
ATT-001326,SES-00182,STU-00041,true,,,2025-10-28T15:51:00Z
ATT-001327,SES-00182,STU-00047,true,,,2025-10-28T18:27:00Z
ATT-001328,SES-00182,STU-00053,true,,,2025-10-28T16:19:00Z
ATT-001329,SES-00182,STU-00059,true,,,2025-10-28T15:09:00Z
ATT-001330,SES-00183,STU-00005,true,,,2025-10-30T16:23:00Z
ATT-001331,SES-00183,STU-00011,false,,school_conflict,2025-10-30T15:03:00Z
ATT-001332,SES-00183,STU-00017,true,,,2025-10-30T18:54:00Z
ATT-001333,SES-00183,STU-00023,true,,,2025-10-30T15:40:00Z
ATT-001334,SES-00183,STU-00029,false,,unknown,2025-10-30T16:12:00Z
ATT-001335,SES-00183,STU-00035,true,,,2025-10-30T17:38:00Z
ATT-001336,SES-00183,STU-00041,true,,,2025-10-30T18:21:00Z
ATT-001337,SES-00183,STU-00047,true,,,2025-10-30T15:06:00Z
ATT-001338,SES-00183,STU-00053,true,,,2025-10-30T14:31:00Z
ATT-001339,SES-00183,STU-00059,true,33,,2025-10-30T15:29:00Z
ATT-001340,SES-00184,STU-00005,true,,,2025-11-03T16:51:00Z
ATT-001341,SES-00184,STU-00011,true,,,2025-11-03T15:52:00Z
ATT-001342,SES-00184,STU-00017,false,,school_conflict,2025-11-03T14:22:00Z
ATT-001343,SES-00184,STU-00023,true,,,2025-11-03T16:28:00Z
ATT-001344,SES-00184,STU-00029,true,,,2025-11-03T16:02:00Z
ATT-001345,SES-00184,STU-00035,false,,illness,2025-11-03T16:11:00Z
ATT-001346,SES-00184,STU-00041,true,,,2025-11-03T15:21:00Z
ATT-001347,SES-00184,STU-00047,false,,illness,2025-11-03T15:01:00Z
ATT-001348,SES-00184,STU-00053,true,,,2025-11-03T14:01:00Z
ATT-001349,SES-00184,STU-00059,false,,illness,2025-11-03T14:21:00Z
ATT-001350,SES-00185,STU-00005,false,,school_conflict,2025-11-04T15:23:00Z
ATT-001351,SES-00185,STU-00011,true,,,2025-11-04T18:51:00Z
ATT-001352,SES-00185,STU-00017,false,,unknown,2025-11-04T14:07:00Z
ATT-001353,SES-00185,STU-00023,true,,,2025-11-04T15:12:00Z
ATT-001354,SES-00185,STU-00029,true,,,2025-11-04T16:38:00Z
ATT-001355,SES-00185,STU-00035,true,,,2025-11-04T14:48:00Z
ATT-001356,SES-00185,STU-00041,true,,,2025-11-04T18:18:00Z
ATT-001357,SES-00185,STU-00047,true,,,2025-11-04T14:40:00Z
ATT-001358,SES-00185,STU-00053,true,,,2025-11-04T18:37:00Z
ATT-001359,SES-00185,STU-00059,false,,illness,2025-11-04T14:50:00Z
ATT-001360,SES-00186,STU-00005,true,,,2025-11-06T14:10:00Z
ATT-001361,SES-00186,STU-00011,true,,,2025-11-06T18:23:00Z
ATT-001362,SES-00186,STU-00017,true,,,2025-11-06T16:45:00Z
ATT-001363,SES-00186,STU-00023,true,,,2025-11-06T17:30:00Z
ATT-001364,SES-00186,STU-00029,true,,,2025-11-06T18:41:00Z
ATT-001365,SES-00186,STU-00035,true,,,2025-11-06T15:28:00Z
ATT-001366,SES-00186,STU-00041,false,,school_conflict,2025-11-06T16:27:00Z
ATT-001367,SES-00186,STU-00047,false,,family,2025-11-06T16:16:00Z
ATT-001368,SES-00186,STU-00053,true,,,2025-11-06T14:18:00Z
ATT-001369,SES-00186,STU-00059,true,,,2025-11-06T18:02:00Z
ATT-001370,SES-00187,STU-00005,true,,,2025-11-10T17:28:00Z
ATT-001371,SES-00187,STU-00011,true,,,2025-11-10T17:20:00Z
ATT-001372,SES-00187,STU-00017,true,37,,2025-11-10T15:16:00Z
ATT-001373,SES-00187,STU-00023,true,,,2025-11-10T14:18:00Z
ATT-001374,SES-00187,STU-00029,false,,school_conflict,2025-11-10T14:50:00Z
ATT-001375,SES-00187,STU-00035,true,,,2025-11-10T14:04:00Z
ATT-001376,SES-00187,STU-00041,true,,,2025-11-10T16:12:00Z
ATT-001377,SES-00187,STU-00047,true,,,2025-11-10T16:12:00Z
ATT-001378,SES-00187,STU-00053,true,,,2025-11-10T18:58:00Z
ATT-001379,SES-00187,STU-00059,true,,,2025-11-10T16:52:00Z
ATT-001380,SES-00188,STU-00005,true,,,2025-11-11T17:52:00Z
ATT-001381,SES-00188,STU-00011,true,,,2025-11-11T17:41:00Z
ATT-001382,SES-00188,STU-00017,true,,,2025-11-11T15:55:00Z
ATT-001383,SES-00188,STU-00023,true,,,2025-11-11T15:30:00Z
ATT-001384,SES-00188,STU-00029,true,,,2025-11-11T18:48:00Z
ATT-001385,SES-00188,STU-00035,true,,,2025-11-11T16:50:00Z
ATT-001386,SES-00188,STU-00041,true,,,2025-11-11T17:49:00Z
ATT-001387,SES-00188,STU-00047,false,,school_conflict,2025-11-11T17:28:00Z
ATT-001388,SES-00188,STU-00053,false,,illness,2025-11-11T15:36:00Z
ATT-001389,SES-00188,STU-00059,false,,school_conflict,2025-11-11T14:31:00Z
ATT-001390,SES-00189,STU-00005,true,,,2025-11-13T16:14:00Z
ATT-001391,SES-00189,STU-00011,true,,,2025-11-13T17:48:00Z
ATT-001392,SES-00189,STU-00017,true,,,2025-11-13T16:37:00Z
ATT-001393,SES-00189,STU-00023,true,,,2025-11-13T15:09:00Z
ATT-001394,SES-00189,STU-00029,false,,no_show,2025-11-13T18:40:00Z
ATT-001395,SES-00189,STU-00035,true,,,2025-11-13T18:55:00Z
ATT-001396,SES-00189,STU-00041,true,,,2025-11-13T17:04:00Z
ATT-001397,SES-00189,STU-00047,true,,,2025-11-13T14:21:00Z
ATT-001398,SES-00189,STU-00053,true,,,2025-11-13T16:05:00Z
ATT-001399,SES-00189,STU-00059,true,,,2025-11-13T15:02:00Z
ATT-001400,SES-00190,STU-00005,false,,family,2025-11-17T14:11:00Z
ATT-001401,SES-00190,STU-00011,true,,,2025-11-17T17:18:00Z
ATT-001402,SES-00190,STU-00017,true,,,2025-11-17T18:04:00Z
ATT-001403,SES-00190,STU-00023,true,,,2025-11-17T14:10:00Z
ATT-001404,SES-00190,STU-00029,true,,,2025-11-17T17:10:00Z
ATT-001405,SES-00190,STU-00035,false,,illness,2025-11-17T17:30:00Z
ATT-001406,SES-00190,STU-00041,true,,,2025-11-17T15:08:00Z
ATT-001407,SES-00190,STU-00047,false,,school_conflict,2025-11-17T17:10:00Z
ATT-001408,SES-00190,STU-00053,true,,,2025-11-17T18:12:00Z
ATT-001409,SES-00190,STU-00059,true,,,2025-11-17T16:12:00Z
ATT-001410,SES-00191,STU-00005,true,,,2025-11-18T14:52:00Z
ATT-001411,SES-00191,STU-00011,true,,,2025-11-18T18:21:00Z
ATT-001412,SES-00191,STU-00017,false,,unknown,2025-11-18T17:29:00Z
ATT-001413,SES-00191,STU-00023,true,,,2025-11-18T16:41:00Z
ATT-001414,SES-00191,STU-00029,false,,school_conflict,2025-11-18T16:25:00Z
ATT-001415,SES-00191,STU-00035,true,,,2025-11-18T15:26:00Z
ATT-001416,SES-00191,STU-00041,true,,,2025-11-18T17:29:00Z
ATT-001417,SES-00191,STU-00047,true,,,2025-11-18T18:06:00Z
ATT-001418,SES-00191,STU-00053,true,,,2025-11-18T15:56:00Z
ATT-001419,SES-00191,STU-00059,false,,illness,2025-11-18T18:18:00Z
ATT-001420,SES-00192,STU-00005,true,41,,2025-11-20T15:58:00Z
ATT-001421,SES-00192,STU-00011,true,,,2025-11-20T18:07:00Z
ATT-001422,SES-00192,STU-00017,false,,illness,2025-11-20T14:32:00Z
ATT-001423,SES-00192,STU-00023,true,,,2025-11-20T17:10:00Z
ATT-001424,SES-00192,STU-00029,true,,,2025-11-20T17:01:00Z
ATT-001425,SES-00192,STU-00035,true,,,2025-11-20T17:24:00Z
ATT-001426,SES-00192,STU-00041,true,,,2025-11-20T15:25:00Z
ATT-001427,SES-00192,STU-00047,true,,,2025-11-20T15:20:00Z
ATT-001428,SES-00192,STU-00053,true,,,2025-11-20T17:04:00Z
ATT-001429,SES-00192,STU-00059,true,,,2025-11-20T17:08:00Z
ATT-001430,SES-00193,STU-00005,true,,,2025-11-24T15:10:00Z
ATT-001431,SES-00193,STU-00011,false,,family,2025-11-24T15:18:00Z
ATT-001432,SES-00193,STU-00017,true,,,2025-11-24T15:04:00Z
ATT-001433,SES-00193,STU-00023,true,34,,2025-11-24T15:28:00Z
ATT-001434,SES-00193,STU-00029,true,,,2025-11-24T14:57:00Z
ATT-001435,SES-00193,STU-00035,true,,,2025-11-24T14:53:00Z
ATT-001436,SES-00193,STU-00041,true,,,2025-11-24T14:24:00Z
ATT-001437,SES-00193,STU-00047,true,,,2025-11-24T18:00:00Z
ATT-001438,SES-00193,STU-00053,true,,,2025-11-24T15:59:00Z
ATT-001439,SES-00193,STU-00059,true,,,2025-11-24T15:05:00Z
ATT-001440,SES-00194,STU-00005,true,30,,2025-11-25T16:52:00Z
ATT-001441,SES-00194,STU-00011,true,,,2025-11-25T15:56:00Z
ATT-001442,SES-00194,STU-00017,true,,,2025-11-25T15:46:00Z
ATT-001443,SES-00194,STU-00023,true,,,2025-11-25T14:52:00Z
ATT-001444,SES-00194,STU-00029,true,,,2025-11-25T15:39:00Z
ATT-001445,SES-00194,STU-00035,true,,,2025-11-25T17:07:00Z
ATT-001446,SES-00194,STU-00041,true,,,2025-11-25T16:11:00Z
ATT-001447,SES-00194,STU-00047,true,,,2025-11-25T14:24:00Z
ATT-001448,SES-00194,STU-00053,true,,,2025-11-25T16:41:00Z
ATT-001449,SES-00194,STU-00059,true,44,,2025-11-25T15:26:00Z
ATT-001450,SES-00195,STU-00005,true,,,2025-11-27T14:45:00Z
ATT-001451,SES-00195,STU-00011,true,,,2025-11-27T18:10:00Z
ATT-001452,SES-00195,STU-00017,true,,,2025-11-27T16:40:00Z
ATT-001453,SES-00195,STU-00023,true,,,2025-11-27T15:21:00Z
ATT-001454,SES-00195,STU-00029,true,,,2025-11-27T16:54:00Z
ATT-001455,SES-00195,STU-00035,true,30,,2025-11-27T18:58:00Z
ATT-001456,SES-00195,STU-00041,true,,,2025-11-27T15:32:00Z
ATT-001457,SES-00195,STU-00047,true,,,2025-11-27T15:01:00Z
ATT-001458,SES-00195,STU-00053,true,,,2025-11-27T16:15:00Z
ATT-001459,SES-00195,STU-00059,true,,,2025-11-27T18:05:00Z
ATT-001460,SES-00196,STU-00006,true,,,2025-09-01T16:12:00Z
ATT-001461,SES-00196,STU-00012,true,,,2025-09-01T14:15:00Z
ATT-001462,SES-00196,STU-00018,false,,family,2025-09-01T17:47:00Z
ATT-001463,SES-00196,STU-00024,false,,illness,2025-09-01T16:41:00Z
ATT-001464,SES-00196,STU-00030,true,42,,2025-09-01T17:41:00Z
ATT-001465,SES-00196,STU-00036,true,,,2025-09-01T15:54:00Z
ATT-001466,SES-00196,STU-00048,true,,,2025-09-01T15:34:00Z
ATT-001467,SES-00196,STU-00054,true,,,2025-09-01T15:51:00Z
ATT-001468,SES-00196,STU-00060,true,,,2025-09-01T18:55:00Z
ATT-001469,SES-00197,STU-00006,true,,,2025-09-02T17:40:00Z
ATT-001470,SES-00197,STU-00012,true,,,2025-09-02T14:12:00Z
ATT-001471,SES-00197,STU-00018,true,,,2025-09-02T15:08:00Z
ATT-001472,SES-00197,STU-00024,true,,,2025-09-02T15:15:00Z
ATT-001473,SES-00197,STU-00030,true,,,2025-09-02T17:19:00Z
ATT-001474,SES-00197,STU-00036,true,,,2025-09-02T17:11:00Z
ATT-001475,SES-00197,STU-00048,true,,,2025-09-02T18:28:00Z
ATT-001476,SES-00197,STU-00054,false,,illness,2025-09-02T17:05:00Z
ATT-001477,SES-00197,STU-00060,false,,school_conflict,2025-09-02T17:10:00Z
ATT-001478,SES-00198,STU-00006,true,,,2025-09-05T18:47:00Z
ATT-001479,SES-00198,STU-00012,true,,,2025-09-05T17:01:00Z
ATT-001480,SES-00198,STU-00018,true,,,2025-09-05T14:48:00Z
ATT-001481,SES-00198,STU-00024,false,,school_conflict,2025-09-05T18:09:00Z
ATT-001482,SES-00198,STU-00030,true,,,2025-09-05T17:29:00Z
ATT-001483,SES-00198,STU-00036,true,,,2025-09-05T18:38:00Z
ATT-001484,SES-00198,STU-00048,true,,,2025-09-05T17:12:00Z
ATT-001485,SES-00198,STU-00054,true,,,2025-09-05T14:55:00Z
ATT-001486,SES-00198,STU-00060,true,,,2025-09-05T17:25:00Z
ATT-001487,SES-00199,STU-00006,false,,no_show,2025-09-08T16:24:00Z
ATT-001488,SES-00199,STU-00012,true,,,2025-09-08T18:04:00Z
ATT-001489,SES-00199,STU-00018,true,44,,2025-09-08T14:24:00Z
ATT-001490,SES-00199,STU-00024,false,,illness,2025-09-08T17:16:00Z
ATT-001491,SES-00199,STU-00030,true,,,2025-09-08T16:32:00Z
ATT-001492,SES-00199,STU-00036,true,,,2025-09-08T16:44:00Z
ATT-001493,SES-00199,STU-00048,true,,,2025-09-08T17:47:00Z
ATT-001494,SES-00199,STU-00054,true,,,2025-09-08T16:40:00Z
ATT-001495,SES-00199,STU-00060,true,40,,2025-09-08T15:16:00Z
ATT-001496,SES-00200,STU-00006,true,,,2025-09-09T15:16:00Z
ATT-001497,SES-00200,STU-00012,true,,,2025-09-09T15:00:00Z
ATT-001498,SES-00200,STU-00018,true,,,2025-09-09T17:25:00Z
ATT-001499,SES-00200,STU-00024,true,,,2025-09-09T14:33:00Z
ATT-001500,SES-00200,STU-00030,false,,unknown,2025-09-09T15:53:00Z
ATT-001501,SES-00200,STU-00036,true,,,2025-09-09T18:34:00Z
ATT-001502,SES-00200,STU-00048,true,,,2025-09-09T16:46:00Z
ATT-001503,SES-00200,STU-00054,true,,,2025-09-09T14:06:00Z
ATT-001504,SES-00200,STU-00060,true,,,2025-09-09T16:52:00Z
ATT-001505,SES-00201,STU-00006,true,,,2025-09-12T17:44:00Z
ATT-001506,SES-00201,STU-00012,true,,,2025-09-12T17:00:00Z
ATT-001507,SES-00201,STU-00018,true,,,2025-09-12T17:33:00Z
ATT-001508,SES-00201,STU-00024,true,,,2025-09-12T17:10:00Z
ATT-001509,SES-00201,STU-00030,true,,,2025-09-12T15:12:00Z
ATT-001510,SES-00201,STU-00036,true,,,2025-09-12T14:28:00Z
ATT-001511,SES-00201,STU-00048,true,,,2025-09-12T15:03:00Z
ATT-001512,SES-00201,STU-00054,true,,,2025-09-12T15:16:00Z
ATT-001513,SES-00201,STU-00060,false,,unknown,2025-09-12T17:40:00Z
ATT-001514,SES-00202,STU-00006,false,,illness,2025-09-15T15:05:00Z
ATT-001515,SES-00202,STU-00012,true,,,2025-09-15T16:04:00Z
ATT-001516,SES-00202,STU-00018,true,,,2025-09-15T17:31:00Z
ATT-001517,SES-00202,STU-00024,true,,,2025-09-15T14:17:00Z
ATT-001518,SES-00202,STU-00030,true,39,,2025-09-15T14:06:00Z
ATT-001519,SES-00202,STU-00036,true,,,2025-09-15T17:38:00Z
ATT-001520,SES-00202,STU-00048,true,,,2025-09-15T16:59:00Z
ATT-001521,SES-00202,STU-00054,true,,,2025-09-15T18:27:00Z
ATT-001522,SES-00202,STU-00060,true,,,2025-09-15T16:20:00Z
ATT-001523,SES-00203,STU-00006,false,,no_show,2025-09-16T17:24:00Z
ATT-001524,SES-00203,STU-00012,true,,,2025-09-16T16:51:00Z
ATT-001525,SES-00203,STU-00018,true,,,2025-09-16T17:46:00Z
ATT-001526,SES-00203,STU-00024,false,,no_show,2025-09-16T14:38:00Z
ATT-001527,SES-00203,STU-00030,true,,,2025-09-16T15:23:00Z
ATT-001528,SES-00203,STU-00036,true,,,2025-09-16T17:32:00Z
ATT-001529,SES-00203,STU-00048,true,,,2025-09-16T16:01:00Z
ATT-001530,SES-00203,STU-00054,true,,,2025-09-16T16:43:00Z
ATT-001531,SES-00203,STU-00060,true,,,2025-09-16T17:47:00Z
ATT-001532,SES-00204,STU-00006,true,,,2025-09-19T17:59:00Z
ATT-001533,SES-00204,STU-00012,false,,school_conflict,2025-09-19T14:46:00Z
ATT-001534,SES-00204,STU-00018,true,,,2025-09-19T15:55:00Z
ATT-001535,SES-00204,STU-00024,true,,,2025-09-19T18:02:00Z
ATT-001536,SES-00204,STU-00030,true,,,2025-09-19T16:53:00Z
ATT-001537,SES-00204,STU-00036,true,,,2025-09-19T17:10:00Z
ATT-001538,SES-00204,STU-00048,false,,no_show,2025-09-19T17:42:00Z
ATT-001539,SES-00204,STU-00054,true,,,2025-09-19T15:48:00Z
ATT-001540,SES-00204,STU-00060,false,,family,2025-09-19T14:27:00Z
ATT-001541,SES-00205,STU-00006,false,,illness,2025-09-22T16:57:00Z
ATT-001542,SES-00205,STU-00012,true,,,2025-09-22T16:42:00Z
ATT-001543,SES-00205,STU-00018,true,,,2025-09-22T14:42:00Z
ATT-001544,SES-00205,STU-00024,true,,,2025-09-22T17:05:00Z
ATT-001545,SES-00205,STU-00030,true,,,2025-09-22T15:59:00Z
ATT-001546,SES-00205,STU-00036,true,,,2025-09-22T14:41:00Z
ATT-001547,SES-00205,STU-00048,true,,,2025-09-22T17:41:00Z
ATT-001548,SES-00205,STU-00054,true,,,2025-09-22T17:51:00Z
ATT-001549,SES-00205,STU-00060,true,,,2025-09-22T16:05:00Z
ATT-001550,SES-00206,STU-00006,true,,,2025-09-23T18:59:00Z
ATT-001551,SES-00206,STU-00012,true,,,2025-09-23T18:23:00Z
ATT-001552,SES-00206,STU-00018,true,,,2025-09-23T17:36:00Z
ATT-001553,SES-00206,STU-00024,true,,,2025-09-23T18:34:00Z
ATT-001554,SES-00206,STU-00030,true,,,2025-09-23T17:20:00Z
ATT-001555,SES-00206,STU-00036,true,,,2025-09-23T15:33:00Z
ATT-001556,SES-00206,STU-00048,true,,,2025-09-23T14:25:00Z
ATT-001557,SES-00206,STU-00054,true,,,2025-09-23T16:09:00Z
ATT-001558,SES-00206,STU-00060,true,,,2025-09-23T15:31:00Z
ATT-001559,SES-00207,STU-00006,true,,,2025-09-26T16:09:00Z
ATT-001560,SES-00207,STU-00012,true,,,2025-09-26T14:38:00Z
ATT-001561,SES-00207,STU-00018,true,,,2025-09-26T14:17:00Z
ATT-001562,SES-00207,STU-00024,false,,unknown,2025-09-26T17:40:00Z
ATT-001563,SES-00207,STU-00030,false,,school_conflict,2025-09-26T17:03:00Z
ATT-001564,SES-00207,STU-00036,false,,school_conflict,2025-09-26T15:54:00Z
ATT-001565,SES-00207,STU-00048,true,,,2025-09-26T14:59:00Z
ATT-001566,SES-00207,STU-00054,false,,illness,2025-09-26T17:46:00Z
ATT-001567,SES-00207,STU-00060,true,,,2025-09-26T15:01:00Z
ATT-001568,SES-00208,STU-00006,true,,,2025-09-29T17:22:00Z
ATT-001569,SES-00208,STU-00012,true,,,2025-09-29T18:46:00Z
ATT-001570,SES-00208,STU-00018,true,,,2025-09-29T15:44:00Z
ATT-001571,SES-00208,STU-00024,false,,school_conflict,2025-09-29T15:20:00Z
ATT-001572,SES-00208,STU-00030,true,,,2025-09-29T14:54:00Z
ATT-001573,SES-00208,STU-00036,false,,school_conflict,2025-09-29T15:36:00Z
ATT-001574,SES-00208,STU-00048,true,,,2025-09-29T16:57:00Z
ATT-001575,SES-00208,STU-00054,true,,,2025-09-29T15:47:00Z
ATT-001576,SES-00208,STU-00060,true,,,2025-09-29T18:06:00Z
ATT-001577,SES-00209,STU-00006,true,,,2025-09-30T15:24:00Z
ATT-001578,SES-00209,STU-00012,false,,school_conflict,2025-09-30T15:59:00Z
ATT-001579,SES-00209,STU-00018,true,,,2025-09-30T17:11:00Z
ATT-001580,SES-00209,STU-00024,false,,illness,2025-09-30T18:41:00Z
ATT-001581,SES-00209,STU-00030,true,,,2025-09-30T15:40:00Z
ATT-001582,SES-00209,STU-00036,true,,,2025-09-30T14:15:00Z
ATT-001583,SES-00209,STU-00048,true,,,2025-09-30T18:11:00Z
ATT-001584,SES-00209,STU-00054,true,,,2025-09-30T14:49:00Z
ATT-001585,SES-00209,STU-00060,true,,,2025-09-30T17:17:00Z
ATT-001586,SES-00211,STU-00006,true,,,2025-10-06T14:07:00Z
ATT-001587,SES-00211,STU-00012,true,,,2025-10-06T18:14:00Z
ATT-001588,SES-00211,STU-00018,true,,,2025-10-06T18:30:00Z
ATT-001589,SES-00211,STU-00024,true,,,2025-10-06T18:11:00Z
ATT-001590,SES-00211,STU-00030,true,,,2025-10-06T17:19:00Z
ATT-001591,SES-00211,STU-00036,true,,,2025-10-06T14:45:00Z
ATT-001592,SES-00211,STU-00048,false,,unknown,2025-10-06T15:25:00Z
ATT-001593,SES-00211,STU-00054,true,38,,2025-10-06T18:50:00Z
ATT-001594,SES-00211,STU-00060,true,,,2025-10-06T18:53:00Z
ATT-001595,SES-00214,STU-00006,true,,,2025-10-13T14:48:00Z
ATT-001596,SES-00214,STU-00012,true,,,2025-10-13T14:11:00Z
ATT-001597,SES-00214,STU-00018,false,,family,2025-10-13T14:35:00Z
ATT-001598,SES-00214,STU-00024,true,,,2025-10-13T14:08:00Z
ATT-001599,SES-00214,STU-00030,true,,,2025-10-13T14:35:00Z
ATT-001600,SES-00214,STU-00036,true,,,2025-10-13T14:07:00Z
ATT-001601,SES-00214,STU-00048,true,,,2025-10-13T18:10:00Z
ATT-001602,SES-00214,STU-00054,true,,,2025-10-13T14:15:00Z
ATT-001603,SES-00214,STU-00060,true,,,2025-10-13T18:57:00Z
ATT-001604,SES-00215,STU-00006,false,,family,2025-10-14T17:08:00Z
ATT-001605,SES-00215,STU-00012,true,,,2025-10-14T18:58:00Z
ATT-001606,SES-00215,STU-00018,false,,school_conflict,2025-10-14T18:32:00Z
ATT-001607,SES-00215,STU-00024,true,,,2025-10-14T14:15:00Z
ATT-001608,SES-00215,STU-00030,true,,,2025-10-14T15:08:00Z
ATT-001609,SES-00215,STU-00036,true,,,2025-10-14T16:17:00Z
ATT-001610,SES-00215,STU-00048,true,,,2025-10-14T14:35:00Z
ATT-001611,SES-00215,STU-00054,true,,,2025-10-14T15:25:00Z
ATT-001612,SES-00215,STU-00060,true,,,2025-10-14T17:44:00Z
ATT-001613,SES-00217,STU-00006,true,,,2025-10-20T16:40:00Z
ATT-001614,SES-00217,STU-00012,true,,,2025-10-20T16:36:00Z
ATT-001615,SES-00217,STU-00018,true,,,2025-10-20T18:10:00Z
ATT-001616,SES-00217,STU-00024,true,,,2025-10-20T17:24:00Z
ATT-001617,SES-00217,STU-00030,true,,,2025-10-20T14:17:00Z
ATT-001618,SES-00217,STU-00036,true,,,2025-10-20T18:26:00Z
ATT-001619,SES-00217,STU-00048,true,,,2025-10-20T16:58:00Z
ATT-001620,SES-00217,STU-00054,true,,,2025-10-20T15:17:00Z
ATT-001621,SES-00217,STU-00060,true,,,2025-10-20T15:24:00Z
ATT-001622,SES-00218,STU-00006,false,,unknown,2025-10-21T14:11:00Z
ATT-001623,SES-00218,STU-00012,true,,,2025-10-21T18:52:00Z
ATT-001624,SES-00218,STU-00018,true,,,2025-10-21T16:44:00Z
ATT-001625,SES-00218,STU-00024,true,,,2025-10-21T16:38:00Z
ATT-001626,SES-00218,STU-00030,true,35,,2025-10-21T17:11:00Z
ATT-001627,SES-00218,STU-00036,true,,,2025-10-21T18:35:00Z
ATT-001628,SES-00218,STU-00048,true,,,2025-10-21T17:37:00Z
ATT-001629,SES-00218,STU-00054,true,38,,2025-10-21T15:42:00Z
ATT-001630,SES-00218,STU-00060,true,,,2025-10-21T16:03:00Z
ATT-001631,SES-00219,STU-00006,false,,family,2025-10-24T16:45:00Z
ATT-001632,SES-00219,STU-00012,true,,,2025-10-24T17:45:00Z
ATT-001633,SES-00219,STU-00018,true,,,2025-10-24T16:51:00Z
ATT-001634,SES-00219,STU-00024,true,,,2025-10-24T17:33:00Z
ATT-001635,SES-00219,STU-00030,false,,unknown,2025-10-24T15:19:00Z
ATT-001636,SES-00219,STU-00036,true,,,2025-10-24T16:26:00Z
ATT-001637,SES-00219,STU-00048,true,,,2025-10-24T14:04:00Z
ATT-001638,SES-00219,STU-00054,true,,,2025-10-24T15:36:00Z
ATT-001639,SES-00219,STU-00060,true,,,2025-10-24T18:59:00Z
ATT-001640,SES-00221,STU-00006,true,,,2025-10-28T17:43:00Z
ATT-001641,SES-00221,STU-00012,true,,,2025-10-28T17:31:00Z
ATT-001642,SES-00221,STU-00018,true,,,2025-10-28T18:44:00Z
ATT-001643,SES-00221,STU-00024,true,33,,2025-10-28T14:45:00Z
ATT-001644,SES-00221,STU-00030,true,,,2025-10-28T16:15:00Z
ATT-001645,SES-00221,STU-00036,false,,family,2025-10-28T18:43:00Z
ATT-001646,SES-00221,STU-00048,true,,,2025-10-28T15:43:00Z
ATT-001647,SES-00221,STU-00054,false,,unknown,2025-10-28T15:11:00Z
ATT-001648,SES-00221,STU-00060,true,,,2025-10-28T18:22:00Z
ATT-001649,SES-00222,STU-00006,false,,school_conflict,2025-10-31T17:10:00Z
ATT-001650,SES-00222,STU-00012,true,,,2025-10-31T15:53:00Z
ATT-001651,SES-00222,STU-00018,true,,,2025-10-31T14:18:00Z
ATT-001652,SES-00222,STU-00024,true,,,2025-10-31T15:00:00Z
ATT-001653,SES-00222,STU-00030,true,,,2025-10-31T15:59:00Z
ATT-001654,SES-00222,STU-00036,true,,,2025-10-31T18:52:00Z
ATT-001655,SES-00222,STU-00048,false,,no_show,2025-10-31T18:54:00Z
ATT-001656,SES-00222,STU-00054,true,,,2025-10-31T18:29:00Z
ATT-001657,SES-00222,STU-00060,true,,,2025-10-31T14:22:00Z
ATT-001658,SES-00223,STU-00006,false,,illness,2025-11-03T16:00:00Z
ATT-001659,SES-00223,STU-00012,true,,,2025-11-03T14:33:00Z
ATT-001660,SES-00223,STU-00018,true,,,2025-11-03T14:58:00Z
ATT-001661,SES-00223,STU-00024,true,,,2025-11-03T16:14:00Z
ATT-001662,SES-00223,STU-00030,true,,,2025-11-03T16:27:00Z
ATT-001663,SES-00223,STU-00036,false,,school_conflict,2025-11-03T16:06:00Z
ATT-001664,SES-00223,STU-00048,false,,family,2025-11-03T17:10:00Z
ATT-001665,SES-00223,STU-00054,true,,,2025-11-03T14:22:00Z
ATT-001666,SES-00223,STU-00060,false,,unknown,2025-11-03T14:12:00Z
ATT-001667,SES-00224,STU-00006,true,,,2025-11-04T17:47:00Z
ATT-001668,SES-00224,STU-00012,true,40,,2025-11-04T15:30:00Z
ATT-001669,SES-00224,STU-00018,false,,no_show,2025-11-04T14:26:00Z
ATT-001670,SES-00224,STU-00024,true,,,2025-11-04T15:20:00Z
ATT-001671,SES-00224,STU-00030,true,,,2025-11-04T17:32:00Z
ATT-001672,SES-00224,STU-00036,true,,,2025-11-04T17:08:00Z
ATT-001673,SES-00224,STU-00048,true,,,2025-11-04T14:08:00Z
ATT-001674,SES-00224,STU-00054,true,,,2025-11-04T15:03:00Z
ATT-001675,SES-00224,STU-00060,true,,,2025-11-04T18:47:00Z
ATT-001676,SES-00225,STU-00006,true,,,2025-11-07T16:31:00Z
ATT-001677,SES-00225,STU-00012,true,,,2025-11-07T18:09:00Z
ATT-001678,SES-00225,STU-00018,true,,,2025-11-07T16:49:00Z
ATT-001679,SES-00225,STU-00024,true,,,2025-11-07T15:42:00Z
ATT-001680,SES-00225,STU-00030,false,,illness,2025-11-07T14:44:00Z
ATT-001681,SES-00225,STU-00036,true,,,2025-11-07T15:54:00Z
ATT-001682,SES-00225,STU-00048,true,,,2025-11-07T15:07:00Z
ATT-001683,SES-00225,STU-00054,true,33,,2025-11-07T15:27:00Z
ATT-001684,SES-00225,STU-00060,true,,,2025-11-07T14:24:00Z
ATT-001685,SES-00226,STU-00006,true,,,2025-11-10T15:14:00Z
ATT-001686,SES-00226,STU-00012,true,,,2025-11-10T18:27:00Z
ATT-001687,SES-00226,STU-00018,true,,,2025-11-10T16:23:00Z
ATT-001688,SES-00226,STU-00024,true,,,2025-11-10T17:15:00Z
ATT-001689,SES-00226,STU-00030,true,30,,2025-11-10T14:03:00Z
ATT-001690,SES-00226,STU-00036,true,,,2025-11-10T16:30:00Z
ATT-001691,SES-00226,STU-00048,true,,,2025-11-10T17:11:00Z
ATT-001692,SES-00226,STU-00054,true,,,2025-11-10T16:19:00Z
ATT-001693,SES-00226,STU-00060,true,,,2025-11-10T18:49:00Z
ATT-001694,SES-00227,STU-00006,false,,school_conflict,2025-11-11T16:47:00Z
ATT-001695,SES-00227,STU-00012,true,,,2025-11-11T16:15:00Z
ATT-001696,SES-00227,STU-00018,true,,,2025-11-11T17:05:00Z
ATT-001697,SES-00227,STU-00024,false,,illness,2025-11-11T18:07:00Z
ATT-001698,SES-00227,STU-00030,true,,,2025-11-11T15:12:00Z
ATT-001699,SES-00227,STU-00036,true,,,2025-11-11T14:34:00Z
ATT-001700,SES-00227,STU-00048,true,,,2025-11-11T17:48:00Z
ATT-001701,SES-00227,STU-00054,true,,,2025-11-11T14:08:00Z
ATT-001702,SES-00227,STU-00060,true,,,2025-11-11T16:57:00Z
ATT-001703,SES-00228,STU-00006,false,,unknown,2025-11-14T18:22:00Z
ATT-001704,SES-00228,STU-00012,false,,school_conflict,2025-11-14T14:58:00Z
ATT-001705,SES-00228,STU-00018,true,,,2025-11-14T18:59:00Z
ATT-001706,SES-00228,STU-00024,false,,unknown,2025-11-14T15:38:00Z
ATT-001707,SES-00228,STU-00030,true,,,2025-11-14T16:02:00Z
ATT-001708,SES-00228,STU-00036,false,,illness,2025-11-14T15:47:00Z
ATT-001709,SES-00228,STU-00048,true,,,2025-11-14T18:55:00Z
ATT-001710,SES-00228,STU-00054,true,37,,2025-11-14T18:24:00Z
ATT-001711,SES-00228,STU-00060,true,,,2025-11-14T18:17:00Z
ATT-001712,SES-00229,STU-00006,true,39,,2025-11-17T15:37:00Z
ATT-001713,SES-00229,STU-00012,true,,,2025-11-17T18:29:00Z
ATT-001714,SES-00229,STU-00018,true,,,2025-11-17T16:19:00Z
ATT-001715,SES-00229,STU-00024,false,,illness,2025-11-17T16:35:00Z
ATT-001716,SES-00229,STU-00030,true,,,2025-11-17T18:15:00Z
ATT-001717,SES-00229,STU-00036,true,,,2025-11-17T16:59:00Z
ATT-001718,SES-00229,STU-00048,true,,,2025-11-17T14:41:00Z
ATT-001719,SES-00229,STU-00054,false,,no_show,2025-11-17T15:34:00Z
ATT-001720,SES-00229,STU-00060,true,,,2025-11-17T18:23:00Z
ATT-001721,SES-00230,STU-00006,true,,,2025-11-18T18:16:00Z
ATT-001722,SES-00230,STU-00012,true,,,2025-11-18T18:18:00Z
ATT-001723,SES-00230,STU-00018,true,43,,2025-11-18T14:52:00Z
ATT-001724,SES-00230,STU-00024,true,,,2025-11-18T16:11:00Z
ATT-001725,SES-00230,STU-00030,true,40,,2025-11-18T18:06:00Z
ATT-001726,SES-00230,STU-00036,true,,,2025-11-18T16:55:00Z
ATT-001727,SES-00230,STU-00048,true,,,2025-11-18T15:52:00Z
ATT-001728,SES-00230,STU-00054,true,,,2025-11-18T15:37:00Z
ATT-001729,SES-00230,STU-00060,true,,,2025-11-18T17:09:00Z
ATT-001730,SES-00231,STU-00006,true,,,2025-11-21T17:23:00Z
ATT-001731,SES-00231,STU-00012,true,,,2025-11-21T17:11:00Z
ATT-001732,SES-00231,STU-00018,true,,,2025-11-21T15:12:00Z
ATT-001733,SES-00231,STU-00024,true,,,2025-11-21T15:41:00Z
ATT-001734,SES-00231,STU-00030,true,,,2025-11-21T15:52:00Z
ATT-001735,SES-00231,STU-00036,true,,,2025-11-21T14:09:00Z
ATT-001736,SES-00231,STU-00048,true,,,2025-11-21T17:06:00Z
ATT-001737,SES-00231,STU-00054,true,,,2025-11-21T14:38:00Z
ATT-001738,SES-00231,STU-00060,true,,,2025-11-21T14:52:00Z
ATT-001739,SES-00232,STU-00006,true,,,2025-11-24T14:08:00Z
ATT-001740,SES-00232,STU-00012,true,,,2025-11-24T15:40:00Z
ATT-001741,SES-00232,STU-00018,true,,,2025-11-24T14:50:00Z
ATT-001742,SES-00232,STU-00024,true,,,2025-11-24T16:54:00Z
ATT-001743,SES-00232,STU-00030,true,,,2025-11-24T17:48:00Z
ATT-001744,SES-00232,STU-00036,true,,,2025-11-24T15:19:00Z
ATT-001745,SES-00232,STU-00048,true,,,2025-11-24T14:34:00Z
ATT-001746,SES-00232,STU-00054,true,,,2025-11-24T14:01:00Z
ATT-001747,SES-00232,STU-00060,false,,illness,2025-11-24T16:06:00Z
ATT-001748,SES-00233,STU-00006,true,,,2025-11-25T15:00:00Z
ATT-001749,SES-00233,STU-00012,false,,illness,2025-11-25T17:24:00Z
ATT-001750,SES-00233,STU-00018,true,,,2025-11-25T15:58:00Z
ATT-001751,SES-00233,STU-00024,false,,school_conflict,2025-11-25T14:31:00Z
ATT-001752,SES-00233,STU-00030,true,,,2025-11-25T14:18:00Z
ATT-001753,SES-00233,STU-00036,true,,,2025-11-25T14:23:00Z
ATT-001754,SES-00233,STU-00048,false,,no_show,2025-11-25T14:38:00Z
ATT-001755,SES-00233,STU-00054,true,,,2025-11-25T16:38:00Z
ATT-001756,SES-00233,STU-00060,true,,,2025-11-25T16:39:00Z
ATT-001757,SES-00234,STU-00006,false,,school_conflict,2025-11-28T14:17:00Z
ATT-001758,SES-00234,STU-00012,false,,family,2025-11-28T16:51:00Z
ATT-001759,SES-00234,STU-00018,false,,unknown,2025-11-28T14:55:00Z
ATT-001760,SES-00234,STU-00024,false,,illness,2025-11-28T15:20:00Z
ATT-001761,SES-00234,STU-00030,true,,,2025-11-28T17:52:00Z
ATT-001762,SES-00234,STU-00036,true,,,2025-11-28T16:09:00Z
ATT-001763,SES-00234,STU-00048,true,,,2025-11-28T15:49:00Z
ATT-001764,SES-00234,STU-00054,true,,,2025-11-28T17:30:00Z
ATT-001765,SES-00234,STU-00060,true,,,2025-11-28T16:08:00Z
ATT-001766,SES-00235,STU-00061,false,,family,2025-09-01T15:24:00Z
ATT-001767,SES-00235,STU-00066,true,,,2025-09-01T18:31:00Z
ATT-001768,SES-00235,STU-00071,true,,,2025-09-01T17:05:00Z
ATT-001769,SES-00235,STU-00076,true,,,2025-09-01T18:49:00Z
ATT-001770,SES-00235,STU-00081,true,,,2025-09-01T14:15:00Z
ATT-001771,SES-00235,STU-00086,true,,,2025-09-01T14:23:00Z
ATT-001772,SES-00235,STU-00091,true,,,2025-09-01T14:03:00Z
ATT-001773,SES-00235,STU-00096,false,,school_conflict,2025-09-01T15:18:00Z
ATT-001774,SES-00235,STU-00101,true,,,2025-09-01T18:59:00Z
ATT-001775,SES-00236,STU-00061,false,,illness,2025-09-02T15:03:00Z
ATT-001776,SES-00236,STU-00066,true,,,2025-09-02T15:24:00Z
ATT-001777,SES-00236,STU-00071,true,,,2025-09-02T17:23:00Z
ATT-001778,SES-00236,STU-00076,true,,,2025-09-02T18:04:00Z
ATT-001779,SES-00236,STU-00081,true,,,2025-09-02T15:01:00Z
ATT-001780,SES-00236,STU-00086,true,,,2025-09-02T15:04:00Z
ATT-001781,SES-00236,STU-00091,true,,,2025-09-02T17:09:00Z
ATT-001782,SES-00236,STU-00096,false,,school_conflict,2025-09-02T15:47:00Z
ATT-001783,SES-00236,STU-00101,true,,,2025-09-02T17:26:00Z
ATT-001784,SES-00237,STU-00061,false,,school_conflict,2025-09-05T14:18:00Z
ATT-001785,SES-00237,STU-00066,true,40,,2025-09-05T14:38:00Z
ATT-001786,SES-00237,STU-00071,true,,,2025-09-05T14:25:00Z
ATT-001787,SES-00237,STU-00076,false,,family,2025-09-05T17:35:00Z
ATT-001788,SES-00237,STU-00081,true,,,2025-09-05T18:32:00Z
ATT-001789,SES-00237,STU-00086,true,,,2025-09-05T15:17:00Z
ATT-001790,SES-00237,STU-00091,false,,school_conflict,2025-09-05T15:47:00Z
ATT-001791,SES-00237,STU-00096,true,,,2025-09-05T15:25:00Z
ATT-001792,SES-00237,STU-00101,true,,,2025-09-05T18:38:00Z
ATT-001793,SES-00238,STU-00061,false,,unknown,2025-09-08T17:30:00Z
ATT-001794,SES-00238,STU-00066,true,,,2025-09-08T17:10:00Z
ATT-001795,SES-00238,STU-00071,true,,,2025-09-08T17:12:00Z
ATT-001796,SES-00238,STU-00076,true,,,2025-09-08T16:38:00Z
ATT-001797,SES-00238,STU-00081,true,,,2025-09-08T15:18:00Z
ATT-001798,SES-00238,STU-00086,true,,,2025-09-08T15:38:00Z
ATT-001799,SES-00238,STU-00091,true,,,2025-09-08T15:35:00Z
ATT-001800,SES-00238,STU-00096,true,,,2025-09-08T15:17:00Z
ATT-001801,SES-00238,STU-00101,true,,,2025-09-08T14:36:00Z
ATT-001802,SES-00239,STU-00061,false,,school_conflict,2025-09-09T14:20:00Z
ATT-001803,SES-00239,STU-00066,true,,,2025-09-09T16:48:00Z
ATT-001804,SES-00239,STU-00071,true,,,2025-09-09T15:20:00Z
ATT-001805,SES-00239,STU-00076,false,,unknown,2025-09-09T15:44:00Z
ATT-001806,SES-00239,STU-00081,true,,,2025-09-09T18:06:00Z
ATT-001807,SES-00239,STU-00086,true,,,2025-09-09T14:37:00Z
ATT-001808,SES-00239,STU-00091,false,,school_conflict,2025-09-09T14:18:00Z
ATT-001809,SES-00239,STU-00096,true,,,2025-09-09T14:56:00Z
ATT-001810,SES-00239,STU-00101,true,,,2025-09-09T15:56:00Z
ATT-001811,SES-00240,STU-00061,true,,,2025-09-12T15:49:00Z
ATT-001812,SES-00240,STU-00066,true,,,2025-09-12T18:33:00Z
ATT-001813,SES-00240,STU-00071,false,,family,2025-09-12T18:59:00Z
ATT-001814,SES-00240,STU-00076,false,,school_conflict,2025-09-12T15:21:00Z
ATT-001815,SES-00240,STU-00081,true,,,2025-09-12T17:02:00Z
ATT-001816,SES-00240,STU-00086,false,,unknown,2025-09-12T17:15:00Z
ATT-001817,SES-00240,STU-00091,true,,,2025-09-12T14:09:00Z
ATT-001818,SES-00240,STU-00096,true,,,2025-09-12T14:51:00Z
ATT-001819,SES-00240,STU-00101,true,,,2025-09-12T16:35:00Z
ATT-001820,SES-00241,STU-00061,false,,unknown,2025-09-15T14:31:00Z
ATT-001821,SES-00241,STU-00066,true,,,2025-09-15T16:10:00Z
ATT-001822,SES-00241,STU-00071,true,,,2025-09-15T16:05:00Z
ATT-001823,SES-00241,STU-00076,true,,,2025-09-15T17:16:00Z
ATT-001824,SES-00241,STU-00081,false,,no_show,2025-09-15T17:41:00Z
ATT-001825,SES-00241,STU-00086,false,,no_show,2025-09-15T18:31:00Z
ATT-001826,SES-00241,STU-00091,true,,,2025-09-15T17:26:00Z
ATT-001827,SES-00241,STU-00096,false,,no_show,2025-09-15T15:28:00Z
ATT-001828,SES-00241,STU-00101,true,,,2025-09-15T16:23:00Z
ATT-001829,SES-00243,STU-00061,true,,,2025-09-19T17:16:00Z
ATT-001830,SES-00243,STU-00066,false,,no_show,2025-09-19T14:39:00Z
ATT-001831,SES-00243,STU-00071,false,,illness,2025-09-19T15:44:00Z
ATT-001832,SES-00243,STU-00076,false,,illness,2025-09-19T14:18:00Z
ATT-001833,SES-00243,STU-00081,true,,,2025-09-19T14:14:00Z
ATT-001834,SES-00243,STU-00086,true,,,2025-09-19T14:22:00Z
ATT-001835,SES-00243,STU-00091,true,,,2025-09-19T17:06:00Z
ATT-001836,SES-00243,STU-00096,true,,,2025-09-19T17:49:00Z
ATT-001837,SES-00243,STU-00101,true,,,2025-09-19T14:20:00Z
ATT-001838,SES-00244,STU-00061,true,,,2025-09-22T15:44:00Z
ATT-001839,SES-00244,STU-00066,true,,,2025-09-22T17:02:00Z
ATT-001840,SES-00244,STU-00071,true,,,2025-09-22T15:40:00Z
ATT-001841,SES-00244,STU-00076,true,,,2025-09-22T18:49:00Z
ATT-001842,SES-00244,STU-00081,true,,,2025-09-22T16:50:00Z
ATT-001843,SES-00244,STU-00086,true,,,2025-09-22T14:13:00Z
ATT-001844,SES-00244,STU-00091,false,,no_show,2025-09-22T17:17:00Z
ATT-001845,SES-00244,STU-00096,true,,,2025-09-22T15:04:00Z
ATT-001846,SES-00244,STU-00101,true,,,2025-09-22T17:55:00Z
ATT-001847,SES-00245,STU-00061,true,,,2025-09-23T16:11:00Z
ATT-001848,SES-00245,STU-00066,false,,illness,2025-09-23T17:21:00Z
ATT-001849,SES-00245,STU-00071,false,,illness,2025-09-23T15:22:00Z
ATT-001850,SES-00245,STU-00076,false,,school_conflict,2025-09-23T18:44:00Z
ATT-001851,SES-00245,STU-00081,true,,,2025-09-23T17:22:00Z
ATT-001852,SES-00245,STU-00086,false,,family,2025-09-23T14:35:00Z
ATT-001853,SES-00245,STU-00091,false,,family,2025-09-23T14:46:00Z
ATT-001854,SES-00245,STU-00096,true,,,2025-09-23T16:42:00Z
ATT-001855,SES-00245,STU-00101,false,,no_show,2025-09-23T16:00:00Z
ATT-001856,SES-00246,STU-00061,true,,,2025-09-26T15:31:00Z
ATT-001857,SES-00246,STU-00066,false,,illness,2025-09-26T17:16:00Z
ATT-001858,SES-00246,STU-00071,true,37,,2025-09-26T15:40:00Z
ATT-001859,SES-00246,STU-00076,true,,,2025-09-26T14:02:00Z
ATT-001860,SES-00246,STU-00081,true,,,2025-09-26T17:44:00Z
ATT-001861,SES-00246,STU-00086,true,,,2025-09-26T17:13:00Z
ATT-001862,SES-00246,STU-00091,true,,,2025-09-26T18:00:00Z
ATT-001863,SES-00246,STU-00096,true,,,2025-09-26T16:57:00Z
ATT-001864,SES-00246,STU-00101,true,,,2025-09-26T14:44:00Z
ATT-001865,SES-00247,STU-00061,true,,,2025-09-29T17:26:00Z
ATT-001866,SES-00247,STU-00066,true,,,2025-09-29T17:33:00Z
ATT-001867,SES-00247,STU-00071,false,,school_conflict,2025-09-29T15:29:00Z
ATT-001868,SES-00247,STU-00076,true,,,2025-09-29T18:10:00Z
ATT-001869,SES-00247,STU-00081,true,,,2025-09-29T17:40:00Z
ATT-001870,SES-00247,STU-00086,true,,,2025-09-29T14:05:00Z
ATT-001871,SES-00247,STU-00091,false,,illness,2025-09-29T14:39:00Z
ATT-001872,SES-00247,STU-00096,false,,illness,2025-09-29T18:59:00Z
ATT-001873,SES-00247,STU-00101,true,,,2025-09-29T18:37:00Z
ATT-001874,SES-00248,STU-00061,false,,family,2025-09-30T17:13:00Z
ATT-001875,SES-00248,STU-00066,true,,,2025-09-30T17:07:00Z
ATT-001876,SES-00248,STU-00071,true,,,2025-09-30T14:22:00Z
ATT-001877,SES-00248,STU-00076,false,,no_show,2025-09-30T17:58:00Z
ATT-001878,SES-00248,STU-00081,false,,unknown,2025-09-30T17:00:00Z
ATT-001879,SES-00248,STU-00086,false,,unknown,2025-09-30T18:18:00Z
ATT-001880,SES-00248,STU-00091,true,,,2025-09-30T16:53:00Z
ATT-001881,SES-00248,STU-00096,false,,no_show,2025-09-30T15:00:00Z
ATT-001882,SES-00248,STU-00101,false,,school_conflict,2025-09-30T14:01:00Z
ATT-001883,SES-00249,STU-00061,true,,,2025-10-03T18:52:00Z
ATT-001884,SES-00249,STU-00066,true,,,2025-10-03T15:36:00Z
ATT-001885,SES-00249,STU-00071,false,,illness,2025-10-03T17:12:00Z
ATT-001886,SES-00249,STU-00076,true,,,2025-10-03T14:51:00Z
ATT-001887,SES-00249,STU-00081,false,,school_conflict,2025-10-03T17:46:00Z
ATT-001888,SES-00249,STU-00086,true,,,2025-10-03T18:10:00Z
ATT-001889,SES-00249,STU-00091,true,,,2025-10-03T15:32:00Z
ATT-001890,SES-00249,STU-00096,true,,,2025-10-03T17:53:00Z
ATT-001891,SES-00249,STU-00101,true,,,2025-10-03T18:10:00Z
ATT-001892,SES-00251,STU-00061,false,,illness,2025-10-07T14:01:00Z
ATT-001893,SES-00251,STU-00066,true,,,2025-10-07T18:09:00Z
ATT-001894,SES-00251,STU-00071,true,,,2025-10-07T14:36:00Z
ATT-001895,SES-00251,STU-00076,true,,,2025-10-07T15:29:00Z
ATT-001896,SES-00251,STU-00081,true,,,2025-10-07T15:15:00Z
ATT-001897,SES-00251,STU-00086,true,,,2025-10-07T15:34:00Z
ATT-001898,SES-00251,STU-00091,false,,unknown,2025-10-07T17:49:00Z
ATT-001899,SES-00251,STU-00096,true,31,,2025-10-07T15:40:00Z
ATT-001900,SES-00251,STU-00101,true,,,2025-10-07T14:07:00Z
ATT-001901,SES-00252,STU-00061,true,,,2025-10-10T14:09:00Z
ATT-001902,SES-00252,STU-00066,true,,,2025-10-10T14:04:00Z
ATT-001903,SES-00252,STU-00071,true,,,2025-10-10T15:25:00Z
ATT-001904,SES-00252,STU-00076,true,,,2025-10-10T17:04:00Z
ATT-001905,SES-00252,STU-00081,true,,,2025-10-10T15:43:00Z
ATT-001906,SES-00252,STU-00086,true,,,2025-10-10T17:51:00Z
ATT-001907,SES-00252,STU-00091,true,,,2025-10-10T15:42:00Z
ATT-001908,SES-00252,STU-00096,true,,,2025-10-10T14:07:00Z
ATT-001909,SES-00252,STU-00101,false,,no_show,2025-10-10T17:39:00Z
ATT-001910,SES-00254,STU-00061,true,38,,2025-10-14T16:59:00Z
ATT-001911,SES-00254,STU-00066,true,,,2025-10-14T18:01:00Z
ATT-001912,SES-00254,STU-00071,true,,,2025-10-14T15:55:00Z
ATT-001913,SES-00254,STU-00076,true,,,2025-10-14T14:20:00Z
ATT-001914,SES-00254,STU-00081,true,,,2025-10-14T15:17:00Z
ATT-001915,SES-00254,STU-00086,true,,,2025-10-14T14:22:00Z
ATT-001916,SES-00254,STU-00091,true,,,2025-10-14T17:47:00Z
ATT-001917,SES-00254,STU-00096,false,,school_conflict,2025-10-14T17:59:00Z
ATT-001918,SES-00254,STU-00101,true,,,2025-10-14T16:25:00Z
ATT-001919,SES-00255,STU-00061,true,,,2025-10-17T18:19:00Z
ATT-001920,SES-00255,STU-00066,true,,,2025-10-17T17:27:00Z
ATT-001921,SES-00255,STU-00071,false,,school_conflict,2025-10-17T16:52:00Z
ATT-001922,SES-00255,STU-00076,true,,,2025-10-17T17:27:00Z
ATT-001923,SES-00255,STU-00081,true,,,2025-10-17T14:28:00Z
ATT-001924,SES-00255,STU-00086,true,38,,2025-10-17T16:37:00Z
ATT-001925,SES-00255,STU-00091,true,,,2025-10-17T18:22:00Z
ATT-001926,SES-00255,STU-00096,true,,,2025-10-17T16:27:00Z
ATT-001927,SES-00255,STU-00101,true,,,2025-10-17T14:13:00Z
ATT-001928,SES-00256,STU-00061,true,,,2025-10-20T16:07:00Z
ATT-001929,SES-00256,STU-00066,true,,,2025-10-20T16:13:00Z
ATT-001930,SES-00256,STU-00071,true,,,2025-10-20T15:35:00Z
ATT-001931,SES-00256,STU-00076,true,,,2025-10-20T15:33:00Z
ATT-001932,SES-00256,STU-00081,true,,,2025-10-20T18:56:00Z
ATT-001933,SES-00256,STU-00086,true,,,2025-10-20T18:57:00Z
ATT-001934,SES-00256,STU-00091,true,,,2025-10-20T17:20:00Z
ATT-001935,SES-00256,STU-00096,false,,illness,2025-10-20T14:51:00Z
ATT-001936,SES-00256,STU-00101,true,34,,2025-10-20T17:07:00Z
ATT-001937,SES-00260,STU-00061,true,,,2025-10-28T16:37:00Z
ATT-001938,SES-00260,STU-00066,true,,,2025-10-28T16:01:00Z
ATT-001939,SES-00260,STU-00071,true,,,2025-10-28T14:58:00Z
ATT-001940,SES-00260,STU-00076,true,,,2025-10-28T17:02:00Z
ATT-001941,SES-00260,STU-00081,false,,no_show,2025-10-28T14:21:00Z
ATT-001942,SES-00260,STU-00086,true,31,,2025-10-28T17:46:00Z
ATT-001943,SES-00260,STU-00091,true,,,2025-10-28T16:25:00Z
ATT-001944,SES-00260,STU-00096,true,,,2025-10-28T17:39:00Z
ATT-001945,SES-00260,STU-00101,true,,,2025-10-28T17:31:00Z
ATT-001946,SES-00261,STU-00061,false,,no_show,2025-10-31T14:53:00Z
ATT-001947,SES-00261,STU-00066,true,,,2025-10-31T14:14:00Z
ATT-001948,SES-00261,STU-00071,true,31,,2025-10-31T16:55:00Z
ATT-001949,SES-00261,STU-00076,true,,,2025-10-31T15:05:00Z
ATT-001950,SES-00261,STU-00081,true,,,2025-10-31T16:52:00Z
ATT-001951,SES-00261,STU-00086,false,,no_show,2025-10-31T14:16:00Z
ATT-001952,SES-00261,STU-00091,false,,illness,2025-10-31T14:19:00Z
ATT-001953,SES-00261,STU-00096,true,,,2025-10-31T18:50:00Z
ATT-001954,SES-00261,STU-00101,true,,,2025-10-31T15:59:00Z
ATT-001955,SES-00262,STU-00061,true,,,2025-11-03T15:20:00Z
ATT-001956,SES-00262,STU-00066,false,,unknown,2025-11-03T17:40:00Z
ATT-001957,SES-00262,STU-00071,true,,,2025-11-03T18:15:00Z
ATT-001958,SES-00262,STU-00076,true,,,2025-11-03T16:20:00Z
ATT-001959,SES-00262,STU-00081,true,,,2025-11-03T14:16:00Z
ATT-001960,SES-00262,STU-00086,true,,,2025-11-03T16:35:00Z
ATT-001961,SES-00262,STU-00091,false,,illness,2025-11-03T15:44:00Z
ATT-001962,SES-00262,STU-00096,true,,,2025-11-03T14:13:00Z
ATT-001963,SES-00262,STU-00101,true,,,2025-11-03T17:12:00Z
ATT-001964,SES-00263,STU-00061,true,,,2025-11-04T18:48:00Z
ATT-001965,SES-00263,STU-00066,true,,,2025-11-04T16:45:00Z
ATT-001966,SES-00263,STU-00071,true,,,2025-11-04T18:06:00Z
ATT-001967,SES-00263,STU-00076,false,,illness,2025-11-04T16:24:00Z
ATT-001968,SES-00263,STU-00081,false,,unknown,2025-11-04T18:12:00Z
ATT-001969,SES-00263,STU-00086,true,,,2025-11-04T16:27:00Z
ATT-001970,SES-00263,STU-00091,true,,,2025-11-04T18:41:00Z
ATT-001971,SES-00263,STU-00096,true,,,2025-11-04T14:47:00Z
ATT-001972,SES-00263,STU-00101,true,37,,2025-11-04T15:17:00Z
ATT-001973,SES-00264,STU-00061,true,,,2025-11-07T17:22:00Z
ATT-001974,SES-00264,STU-00066,true,,,2025-11-07T14:22:00Z
ATT-001975,SES-00264,STU-00071,true,,,2025-11-07T18:27:00Z
ATT-001976,SES-00264,STU-00076,true,34,,2025-11-07T16:06:00Z
ATT-001977,SES-00264,STU-00081,true,,,2025-11-07T17:12:00Z
ATT-001978,SES-00264,STU-00086,true,,,2025-11-07T18:17:00Z
ATT-001979,SES-00264,STU-00091,true,,,2025-11-07T17:06:00Z
ATT-001980,SES-00264,STU-00096,true,,,2025-11-07T14:14:00Z
ATT-001981,SES-00264,STU-00101,true,,,2025-11-07T18:17:00Z
ATT-001982,SES-00265,STU-00061,true,,,2025-11-10T16:14:00Z
ATT-001983,SES-00265,STU-00066,false,,family,2025-11-10T17:25:00Z
ATT-001984,SES-00265,STU-00071,true,,,2025-11-10T16:31:00Z
ATT-001985,SES-00265,STU-00076,true,,,2025-11-10T16:40:00Z
ATT-001986,SES-00265,STU-00081,true,,,2025-11-10T14:06:00Z
ATT-001987,SES-00265,STU-00086,true,,,2025-11-10T18:30:00Z
ATT-001988,SES-00265,STU-00091,false,,unknown,2025-11-10T15:10:00Z
ATT-001989,SES-00265,STU-00096,true,32,,2025-11-10T16:57:00Z
ATT-001990,SES-00265,STU-00101,true,,,2025-11-10T17:27:00Z
ATT-001991,SES-00266,STU-00061,true,,,2025-11-11T16:56:00Z
ATT-001992,SES-00266,STU-00066,true,,,2025-11-11T14:38:00Z
ATT-001993,SES-00266,STU-00071,true,,,2025-11-11T14:31:00Z
ATT-001994,SES-00266,STU-00076,false,,school_conflict,2025-11-11T14:52:00Z
ATT-001995,SES-00266,STU-00081,true,,,2025-11-11T16:53:00Z
ATT-001996,SES-00266,STU-00086,true,,,2025-11-11T15:49:00Z
ATT-001997,SES-00266,STU-00091,true,,,2025-11-11T16:28:00Z
ATT-001998,SES-00266,STU-00096,true,,,2025-11-11T18:16:00Z
ATT-001999,SES-00266,STU-00101,true,,,2025-11-11T17:00:00Z
ATT-002000,SES-00267,STU-00061,false,,school_conflict,2025-11-14T16:57:00Z
ATT-002001,SES-00267,STU-00066,true,,,2025-11-14T18:30:00Z
ATT-002002,SES-00267,STU-00071,true,,,2025-11-14T14:09:00Z
ATT-002003,SES-00267,STU-00076,false,,unknown,2025-11-14T15:22:00Z
ATT-002004,SES-00267,STU-00081,true,,,2025-11-14T17:23:00Z
ATT-002005,SES-00267,STU-00086,true,,,2025-11-14T17:40:00Z
ATT-002006,SES-00267,STU-00091,true,,,2025-11-14T18:57:00Z
ATT-002007,SES-00267,STU-00096,false,,no_show,2025-11-14T18:11:00Z
ATT-002008,SES-00267,STU-00101,true,,,2025-11-14T16:25:00Z
ATT-002009,SES-00268,STU-00061,true,,,2025-11-17T16:19:00Z
ATT-002010,SES-00268,STU-00066,true,,,2025-11-17T16:53:00Z
ATT-002011,SES-00268,STU-00071,true,,,2025-11-17T17:36:00Z
ATT-002012,SES-00268,STU-00076,false,,unknown,2025-11-17T16:07:00Z
ATT-002013,SES-00268,STU-00081,false,,school_conflict,2025-11-17T15:29:00Z
ATT-002014,SES-00268,STU-00086,true,,,2025-11-17T16:39:00Z
ATT-002015,SES-00268,STU-00091,true,,,2025-11-17T17:18:00Z
ATT-002016,SES-00268,STU-00096,true,,,2025-11-17T17:02:00Z
ATT-002017,SES-00268,STU-00101,true,,,2025-11-17T14:03:00Z
ATT-002018,SES-00269,STU-00061,true,35,,2025-11-18T14:03:00Z
ATT-002019,SES-00269,STU-00066,true,,,2025-11-18T16:50:00Z
ATT-002020,SES-00269,STU-00071,false,,family,2025-11-18T18:09:00Z
ATT-002021,SES-00269,STU-00076,false,,unknown,2025-11-18T15:46:00Z
ATT-002022,SES-00269,STU-00081,true,,,2025-11-18T14:18:00Z
ATT-002023,SES-00269,STU-00086,true,,,2025-11-18T16:15:00Z
ATT-002024,SES-00269,STU-00091,false,,family,2025-11-18T17:25:00Z
ATT-002025,SES-00269,STU-00096,false,,illness,2025-11-18T16:58:00Z
ATT-002026,SES-00269,STU-00101,true,,,2025-11-18T18:27:00Z
ATT-002027,SES-00270,STU-00061,true,,,2025-11-21T18:08:00Z
ATT-002028,SES-00270,STU-00066,true,,,2025-11-21T15:26:00Z
ATT-002029,SES-00270,STU-00071,true,,,2025-11-21T14:19:00Z
ATT-002030,SES-00270,STU-00076,true,,,2025-11-21T18:11:00Z
ATT-002031,SES-00270,STU-00081,true,,,2025-11-21T17:06:00Z
ATT-002032,SES-00270,STU-00086,true,,,2025-11-21T16:32:00Z
ATT-002033,SES-00270,STU-00091,false,,unknown,2025-11-21T17:22:00Z
ATT-002034,SES-00270,STU-00096,true,,,2025-11-21T17:29:00Z
ATT-002035,SES-00270,STU-00101,true,,,2025-11-21T17:05:00Z
ATT-002036,SES-00271,STU-00061,false,,family,2025-11-24T16:50:00Z
ATT-002037,SES-00271,STU-00066,true,,,2025-11-24T15:39:00Z
ATT-002038,SES-00271,STU-00071,true,,,2025-11-24T16:03:00Z
ATT-002039,SES-00271,STU-00076,false,,school_conflict,2025-11-24T17:42:00Z
ATT-002040,SES-00271,STU-00081,true,,,2025-11-24T18:29:00Z
ATT-002041,SES-00271,STU-00086,false,,illness,2025-11-24T16:53:00Z
ATT-002042,SES-00271,STU-00091,false,,illness,2025-11-24T18:06:00Z
ATT-002043,SES-00271,STU-00096,false,,family,2025-11-24T16:55:00Z
ATT-002044,SES-00271,STU-00101,true,,,2025-11-24T18:47:00Z
ATT-002045,SES-00273,STU-00061,false,,unknown,2025-11-28T18:09:00Z
ATT-002046,SES-00273,STU-00066,true,,,2025-11-28T15:14:00Z
ATT-002047,SES-00273,STU-00071,false,,family,2025-11-28T15:19:00Z
ATT-002048,SES-00273,STU-00076,true,,,2025-11-28T14:51:00Z
ATT-002049,SES-00273,STU-00081,true,,,2025-11-28T14:04:00Z
ATT-002050,SES-00273,STU-00086,true,,,2025-11-28T14:33:00Z
ATT-002051,SES-00273,STU-00091,true,,,2025-11-28T17:01:00Z
ATT-002052,SES-00273,STU-00096,false,,school_conflict,2025-11-28T14:59:00Z
ATT-002053,SES-00273,STU-00101,true,,,2025-11-28T15:52:00Z
ATT-002054,SES-00275,STU-00062,true,,,2025-09-03T16:52:00Z
ATT-002055,SES-00275,STU-00067,true,,,2025-09-03T18:07:00Z
ATT-002056,SES-00275,STU-00077,true,,,2025-09-03T15:09:00Z
ATT-002057,SES-00275,STU-00082,true,,,2025-09-03T15:32:00Z
ATT-002058,SES-00275,STU-00087,false,,school_conflict,2025-09-03T17:30:00Z
ATT-002059,SES-00275,STU-00092,true,,,2025-09-03T18:31:00Z
ATT-002060,SES-00275,STU-00097,true,,,2025-09-03T17:44:00Z
ATT-002061,SES-00275,STU-00102,true,,,2025-09-03T17:09:00Z
ATT-002062,SES-00276,STU-00062,true,,,2025-09-04T18:24:00Z
ATT-002063,SES-00276,STU-00067,true,,,2025-09-04T18:28:00Z
ATT-002064,SES-00276,STU-00077,true,,,2025-09-04T15:29:00Z
ATT-002065,SES-00276,STU-00082,false,,school_conflict,2025-09-04T14:10:00Z
ATT-002066,SES-00276,STU-00087,true,,,2025-09-04T18:13:00Z
ATT-002067,SES-00276,STU-00092,true,,,2025-09-04T17:32:00Z
ATT-002068,SES-00276,STU-00097,true,,,2025-09-04T16:41:00Z
ATT-002069,SES-00276,STU-00102,true,,,2025-09-04T15:17:00Z
ATT-002070,SES-00277,STU-00062,true,,,2025-09-08T17:04:00Z
ATT-002071,SES-00277,STU-00067,false,,family,2025-09-08T17:30:00Z
ATT-002072,SES-00277,STU-00077,true,,,2025-09-08T18:49:00Z
ATT-002073,SES-00277,STU-00082,true,,,2025-09-08T16:37:00Z
ATT-002074,SES-00277,STU-00087,false,,school_conflict,2025-09-08T18:53:00Z
ATT-002075,SES-00277,STU-00092,true,43,,2025-09-08T15:14:00Z
ATT-002076,SES-00277,STU-00097,true,,,2025-09-08T17:20:00Z
ATT-002077,SES-00277,STU-00102,true,,,2025-09-08T15:06:00Z
ATT-002078,SES-00278,STU-00062,false,,illness,2025-09-10T17:48:00Z
ATT-002079,SES-00278,STU-00067,false,,no_show,2025-09-10T14:39:00Z
ATT-002080,SES-00278,STU-00077,true,41,,2025-09-10T14:28:00Z
ATT-002081,SES-00278,STU-00082,true,,,2025-09-10T14:59:00Z
ATT-002082,SES-00278,STU-00087,true,,,2025-09-10T17:24:00Z
ATT-002083,SES-00278,STU-00092,true,,,2025-09-10T18:12:00Z
ATT-002084,SES-00278,STU-00097,true,,,2025-09-10T16:14:00Z
ATT-002085,SES-00278,STU-00102,true,,,2025-09-10T18:51:00Z
ATT-002086,SES-00279,STU-00062,true,,,2025-09-11T14:40:00Z
ATT-002087,SES-00279,STU-00067,false,,illness,2025-09-11T14:51:00Z
ATT-002088,SES-00279,STU-00077,true,42,,2025-09-11T17:36:00Z
ATT-002089,SES-00279,STU-00082,true,32,,2025-09-11T18:31:00Z
ATT-002090,SES-00279,STU-00087,true,,,2025-09-11T17:32:00Z
ATT-002091,SES-00279,STU-00092,true,,,2025-09-11T18:54:00Z
ATT-002092,SES-00279,STU-00097,true,36,,2025-09-11T17:55:00Z
ATT-002093,SES-00279,STU-00102,true,42,,2025-09-11T18:19:00Z
ATT-002094,SES-00280,STU-00062,true,,,2025-09-15T14:38:00Z
ATT-002095,SES-00280,STU-00067,true,43,,2025-09-15T16:59:00Z
ATT-002096,SES-00280,STU-00077,false,,school_conflict,2025-09-15T16:04:00Z
ATT-002097,SES-00280,STU-00082,false,,illness,2025-09-15T16:04:00Z
ATT-002098,SES-00280,STU-00087,true,,,2025-09-15T18:59:00Z
ATT-002099,SES-00280,STU-00092,true,,,2025-09-15T18:03:00Z
ATT-002100,SES-00280,STU-00097,true,,,2025-09-15T18:30:00Z
ATT-002101,SES-00280,STU-00102,false,,no_show,2025-09-15T14:02:00Z
ATT-002102,SES-00282,STU-00062,true,,,2025-09-18T16:56:00Z
ATT-002103,SES-00282,STU-00067,true,,,2025-09-18T18:52:00Z
ATT-002104,SES-00282,STU-00077,true,,,2025-09-18T14:15:00Z
ATT-002105,SES-00282,STU-00082,true,,,2025-09-18T18:57:00Z
ATT-002106,SES-00282,STU-00087,true,,,2025-09-18T14:22:00Z
ATT-002107,SES-00282,STU-00092,false,,no_show,2025-09-18T18:47:00Z
ATT-002108,SES-00282,STU-00097,true,,,2025-09-18T18:30:00Z
ATT-002109,SES-00282,STU-00102,false,,illness,2025-09-18T14:06:00Z
ATT-002110,SES-00284,STU-00062,true,,,2025-09-24T16:27:00Z
ATT-002111,SES-00284,STU-00067,true,,,2025-09-24T15:01:00Z
ATT-002112,SES-00284,STU-00077,false,,illness,2025-09-24T15:34:00Z
ATT-002113,SES-00284,STU-00082,true,,,2025-09-24T14:35:00Z
ATT-002114,SES-00284,STU-00087,true,,,2025-09-24T17:44:00Z
ATT-002115,SES-00284,STU-00092,true,,,2025-09-24T18:08:00Z
ATT-002116,SES-00284,STU-00097,true,,,2025-09-24T18:57:00Z
ATT-002117,SES-00284,STU-00102,true,,,2025-09-24T17:58:00Z
ATT-002118,SES-00285,STU-00062,true,,,2025-09-25T18:00:00Z
ATT-002119,SES-00285,STU-00067,true,,,2025-09-25T18:36:00Z
ATT-002120,SES-00285,STU-00077,true,,,2025-09-25T15:52:00Z
ATT-002121,SES-00285,STU-00082,true,37,,2025-09-25T15:18:00Z
ATT-002122,SES-00285,STU-00087,true,,,2025-09-25T15:18:00Z
ATT-002123,SES-00285,STU-00092,true,,,2025-09-25T14:42:00Z
ATT-002124,SES-00285,STU-00097,true,,,2025-09-25T18:13:00Z
ATT-002125,SES-00285,STU-00102,true,,,2025-09-25T16:57:00Z
ATT-002126,SES-00286,STU-00062,false,,illness,2025-09-29T16:23:00Z
ATT-002127,SES-00286,STU-00067,true,,,2025-09-29T15:33:00Z
ATT-002128,SES-00286,STU-00077,false,,school_conflict,2025-09-29T18:32:00Z
ATT-002129,SES-00286,STU-00082,true,,,2025-09-29T17:45:00Z
ATT-002130,SES-00286,STU-00087,false,,school_conflict,2025-09-29T14:13:00Z
ATT-002131,SES-00286,STU-00092,false,,unknown,2025-09-29T18:14:00Z
ATT-002132,SES-00286,STU-00097,true,,,2025-09-29T14:23:00Z
ATT-002133,SES-00286,STU-00102,true,,,2025-09-29T14:15:00Z
ATT-002134,SES-00287,STU-00062,true,,,2025-10-01T17:07:00Z
ATT-002135,SES-00287,STU-00067,true,,,2025-10-01T16:17:00Z
ATT-002136,SES-00287,STU-00077,true,,,2025-10-01T14:03:00Z
ATT-002137,SES-00287,STU-00082,true,,,2025-10-01T17:01:00Z
ATT-002138,SES-00287,STU-00087,false,,school_conflict,2025-10-01T14:14:00Z
ATT-002139,SES-00287,STU-00092,true,,,2025-10-01T17:34:00Z
ATT-002140,SES-00287,STU-00097,true,,,2025-10-01T18:48:00Z
ATT-002141,SES-00287,STU-00102,true,39,,2025-10-01T16:59:00Z
ATT-002142,SES-00289,STU-00062,false,,illness,2025-10-06T18:13:00Z
ATT-002143,SES-00289,STU-00067,true,,,2025-10-06T18:27:00Z
ATT-002144,SES-00289,STU-00077,false,,unknown,2025-10-06T14:51:00Z
ATT-002145,SES-00289,STU-00082,true,,,2025-10-06T16:54:00Z
ATT-002146,SES-00289,STU-00087,false,,school_conflict,2025-10-06T17:36:00Z
ATT-002147,SES-00289,STU-00092,true,,,2025-10-06T16:10:00Z
ATT-002148,SES-00289,STU-00097,false,,school_conflict,2025-10-06T15:08:00Z
ATT-002149,SES-00289,STU-00102,false,,illness,2025-10-06T16:05:00Z
ATT-002150,SES-00290,STU-00062,false,,unknown,2025-10-08T16:21:00Z
ATT-002151,SES-00290,STU-00067,true,34,,2025-10-08T16:17:00Z
ATT-002152,SES-00290,STU-00077,true,,,2025-10-08T18:00:00Z
ATT-002153,SES-00290,STU-00082,true,,,2025-10-08T16:53:00Z
ATT-002154,SES-00290,STU-00087,true,,,2025-10-08T17:01:00Z
ATT-002155,SES-00290,STU-00092,true,,,2025-10-08T16:30:00Z
ATT-002156,SES-00290,STU-00097,true,,,2025-10-08T17:03:00Z
ATT-002157,SES-00290,STU-00102,true,44,,2025-10-08T18:35:00Z
ATT-002158,SES-00291,STU-00062,true,32,,2025-10-09T16:49:00Z
ATT-002159,SES-00291,STU-00067,true,,,2025-10-09T17:08:00Z
ATT-002160,SES-00291,STU-00077,true,,,2025-10-09T18:41:00Z
ATT-002161,SES-00291,STU-00082,true,,,2025-10-09T14:11:00Z
ATT-002162,SES-00291,STU-00087,true,,,2025-10-09T18:20:00Z
ATT-002163,SES-00291,STU-00092,true,,,2025-10-09T14:45:00Z
ATT-002164,SES-00291,STU-00097,false,,no_show,2025-10-09T14:43:00Z
ATT-002165,SES-00291,STU-00102,false,,unknown,2025-10-09T18:45:00Z
ATT-002166,SES-00292,STU-00062,true,,,2025-10-13T14:04:00Z
ATT-002167,SES-00292,STU-00067,true,,,2025-10-13T14:15:00Z
ATT-002168,SES-00292,STU-00077,true,,,2025-10-13T17:04:00Z
ATT-002169,SES-00292,STU-00082,true,,,2025-10-13T15:01:00Z
ATT-002170,SES-00292,STU-00087,true,,,2025-10-13T16:26:00Z
ATT-002171,SES-00292,STU-00092,false,,school_conflict,2025-10-13T16:39:00Z
ATT-002172,SES-00292,STU-00097,true,,,2025-10-13T16:59:00Z
ATT-002173,SES-00292,STU-00102,true,,,2025-10-13T14:38:00Z
ATT-002174,SES-00293,STU-00062,true,,,2025-10-15T18:50:00Z
ATT-002175,SES-00293,STU-00067,true,,,2025-10-15T15:24:00Z
ATT-002176,SES-00293,STU-00077,false,,illness,2025-10-15T15:24:00Z
ATT-002177,SES-00293,STU-00082,true,,,2025-10-15T14:59:00Z
ATT-002178,SES-00293,STU-00087,false,,family,2025-10-15T18:40:00Z
ATT-002179,SES-00293,STU-00092,true,,,2025-10-15T14:54:00Z
ATT-002180,SES-00293,STU-00097,false,,unknown,2025-10-15T18:30:00Z
ATT-002181,SES-00293,STU-00102,true,,,2025-10-15T16:17:00Z
ATT-002182,SES-00294,STU-00062,true,,,2025-10-16T15:21:00Z
ATT-002183,SES-00294,STU-00067,true,,,2025-10-16T16:14:00Z
ATT-002184,SES-00294,STU-00077,true,,,2025-10-16T14:44:00Z
ATT-002185,SES-00294,STU-00082,true,,,2025-10-16T17:23:00Z
ATT-002186,SES-00294,STU-00087,true,,,2025-10-16T14:58:00Z
ATT-002187,SES-00294,STU-00092,true,,,2025-10-16T15:28:00Z
ATT-002188,SES-00294,STU-00097,true,,,2025-10-16T15:59:00Z
ATT-002189,SES-00294,STU-00102,true,,,2025-10-16T17:43:00Z
ATT-002190,SES-00295,STU-00062,true,,,2025-10-20T16:50:00Z
ATT-002191,SES-00295,STU-00067,true,,,2025-10-20T14:26:00Z
ATT-002192,SES-00295,STU-00077,true,,,2025-10-20T18:31:00Z
ATT-002193,SES-00295,STU-00082,true,,,2025-10-20T15:56:00Z
ATT-002194,SES-00295,STU-00087,true,,,2025-10-20T17:16:00Z
ATT-002195,SES-00295,STU-00092,true,,,2025-10-20T17:47:00Z
ATT-002196,SES-00295,STU-00097,true,,,2025-10-20T17:01:00Z
ATT-002197,SES-00295,STU-00102,true,,,2025-10-20T15:32:00Z
ATT-002198,SES-00296,STU-00062,false,,no_show,2025-10-22T17:22:00Z
ATT-002199,SES-00296,STU-00067,true,,,2025-10-22T15:45:00Z
ATT-002200,SES-00296,STU-00077,true,,,2025-10-22T16:37:00Z
ATT-002201,SES-00296,STU-00082,true,,,2025-10-22T14:04:00Z
ATT-002202,SES-00296,STU-00087,false,,school_conflict,2025-10-22T17:58:00Z
ATT-002203,SES-00296,STU-00092,true,,,2025-10-22T17:18:00Z
ATT-002204,SES-00296,STU-00097,true,,,2025-10-22T15:46:00Z
ATT-002205,SES-00296,STU-00102,true,,,2025-10-22T18:05:00Z
ATT-002206,SES-00297,STU-00062,true,39,,2025-10-23T16:43:00Z
ATT-002207,SES-00297,STU-00067,true,,,2025-10-23T17:11:00Z
ATT-002208,SES-00297,STU-00077,true,,,2025-10-23T14:14:00Z
ATT-002209,SES-00297,STU-00082,true,,,2025-10-23T18:33:00Z
ATT-002210,SES-00297,STU-00087,false,,family,2025-10-23T17:18:00Z
ATT-002211,SES-00297,STU-00092,true,,,2025-10-23T15:09:00Z
ATT-002212,SES-00297,STU-00097,true,,,2025-10-23T15:27:00Z
ATT-002213,SES-00297,STU-00102,true,,,2025-10-23T18:20:00Z
ATT-002214,SES-00298,STU-00062,true,,,2025-10-27T14:18:00Z
ATT-002215,SES-00298,STU-00067,true,,,2025-10-27T15:18:00Z
ATT-002216,SES-00298,STU-00077,false,,illness,2025-10-27T18:48:00Z
ATT-002217,SES-00298,STU-00082,true,,,2025-10-27T16:09:00Z
ATT-002218,SES-00298,STU-00087,true,,,2025-10-27T18:48:00Z
ATT-002219,SES-00298,STU-00092,true,,,2025-10-27T14:57:00Z
ATT-002220,SES-00298,STU-00097,true,,,2025-10-27T14:31:00Z
ATT-002221,SES-00298,STU-00102,false,,illness,2025-10-27T15:18:00Z
ATT-002222,SES-00299,STU-00062,false,,family,2025-10-29T17:33:00Z
ATT-002223,SES-00299,STU-00067,true,,,2025-10-29T14:45:00Z
ATT-002224,SES-00299,STU-00077,true,,,2025-10-29T17:56:00Z
ATT-002225,SES-00299,STU-00082,true,,,2025-10-29T15:17:00Z
ATT-002226,SES-00299,STU-00087,false,,illness,2025-10-29T16:51:00Z
ATT-002227,SES-00299,STU-00092,true,,,2025-10-29T14:20:00Z
ATT-002228,SES-00299,STU-00097,true,,,2025-10-29T17:40:00Z
ATT-002229,SES-00299,STU-00102,true,,,2025-10-29T14:45:00Z
ATT-002230,SES-00300,STU-00062,true,,,2025-10-30T14:27:00Z
ATT-002231,SES-00300,STU-00067,true,,,2025-10-30T18:20:00Z
ATT-002232,SES-00300,STU-00077,true,,,2025-10-30T14:40:00Z
ATT-002233,SES-00300,STU-00082,true,,,2025-10-30T18:24:00Z
ATT-002234,SES-00300,STU-00087,false,,illness,2025-10-30T15:16:00Z
ATT-002235,SES-00300,STU-00092,true,,,2025-10-30T15:46:00Z
ATT-002236,SES-00300,STU-00097,true,,,2025-10-30T14:33:00Z
ATT-002237,SES-00300,STU-00102,false,,unknown,2025-10-30T14:27:00Z
ATT-002238,SES-00301,STU-00062,true,,,2025-11-03T15:45:00Z
ATT-002239,SES-00301,STU-00067,true,,,2025-11-03T16:39:00Z
ATT-002240,SES-00301,STU-00077,true,,,2025-11-03T16:30:00Z
ATT-002241,SES-00301,STU-00082,true,,,2025-11-03T16:53:00Z
ATT-002242,SES-00301,STU-00087,true,,,2025-11-03T17:31:00Z
ATT-002243,SES-00301,STU-00092,true,,,2025-11-03T16:34:00Z
ATT-002244,SES-00301,STU-00097,true,,,2025-11-03T14:56:00Z
ATT-002245,SES-00301,STU-00102,false,,unknown,2025-11-03T17:28:00Z
ATT-002246,SES-00302,STU-00062,true,,,2025-11-05T14:11:00Z
ATT-002247,SES-00302,STU-00067,true,,,2025-11-05T14:22:00Z
ATT-002248,SES-00302,STU-00077,true,,,2025-11-05T17:53:00Z
ATT-002249,SES-00302,STU-00082,true,,,2025-11-05T17:43:00Z
ATT-002250,SES-00302,STU-00087,true,,,2025-11-05T18:13:00Z
ATT-002251,SES-00302,STU-00092,false,,unknown,2025-11-05T14:35:00Z
ATT-002252,SES-00302,STU-00097,true,,,2025-11-05T16:26:00Z
ATT-002253,SES-00302,STU-00102,true,,,2025-11-05T17:16:00Z
ATT-002254,SES-00304,STU-00062,false,,illness,2025-11-10T15:21:00Z
ATT-002255,SES-00304,STU-00067,true,37,,2025-11-10T17:14:00Z
ATT-002256,SES-00304,STU-00077,true,,,2025-11-10T15:49:00Z
ATT-002257,SES-00304,STU-00082,true,,,2025-11-10T18:39:00Z
ATT-002258,SES-00304,STU-00087,true,,,2025-11-10T14:46:00Z
ATT-002259,SES-00304,STU-00092,true,,,2025-11-10T16:58:00Z
ATT-002260,SES-00304,STU-00097,true,,,2025-11-10T14:41:00Z
ATT-002261,SES-00304,STU-00102,true,,,2025-11-10T18:12:00Z
ATT-002262,SES-00306,STU-00062,false,,unknown,2025-11-13T17:55:00Z
ATT-002263,SES-00306,STU-00067,true,,,2025-11-13T15:58:00Z
ATT-002264,SES-00306,STU-00077,true,,,2025-11-13T18:46:00Z
ATT-002265,SES-00306,STU-00082,true,43,,2025-11-13T14:48:00Z
ATT-002266,SES-00306,STU-00087,false,,illness,2025-11-13T17:50:00Z
ATT-002267,SES-00306,STU-00092,true,,,2025-11-13T16:01:00Z
ATT-002268,SES-00306,STU-00097,true,,,2025-11-13T15:02:00Z
ATT-002269,SES-00306,STU-00102,true,,,2025-11-13T17:41:00Z
ATT-002270,SES-00307,STU-00062,true,,,2025-11-17T16:55:00Z
ATT-002271,SES-00307,STU-00067,true,41,,2025-11-17T17:01:00Z
ATT-002272,SES-00307,STU-00077,true,,,2025-11-17T18:58:00Z
ATT-002273,SES-00307,STU-00082,true,,,2025-11-17T17:12:00Z
ATT-002274,SES-00307,STU-00087,false,,unknown,2025-11-17T16:27:00Z
ATT-002275,SES-00307,STU-00092,true,34,,2025-11-17T17:12:00Z
ATT-002276,SES-00307,STU-00097,true,,,2025-11-17T18:30:00Z
ATT-002277,SES-00307,STU-00102,true,,,2025-11-17T15:26:00Z
ATT-002278,SES-00309,STU-00062,true,,,2025-11-20T18:32:00Z
ATT-002279,SES-00309,STU-00067,true,37,,2025-11-20T17:23:00Z
ATT-002280,SES-00309,STU-00077,true,,,2025-11-20T17:14:00Z
ATT-002281,SES-00309,STU-00082,true,42,,2025-11-20T15:28:00Z
ATT-002282,SES-00309,STU-00087,true,,,2025-11-20T16:21:00Z
ATT-002283,SES-00309,STU-00092,true,,,2025-11-20T14:06:00Z
ATT-002284,SES-00309,STU-00097,true,,,2025-11-20T17:37:00Z
ATT-002285,SES-00309,STU-00102,true,,,2025-11-20T18:53:00Z
ATT-002286,SES-00310,STU-00062,true,,,2025-11-24T18:48:00Z
ATT-002287,SES-00310,STU-00067,true,,,2025-11-24T16:26:00Z
ATT-002288,SES-00310,STU-00077,true,,,2025-11-24T15:02:00Z
ATT-002289,SES-00310,STU-00082,true,,,2025-11-24T17:55:00Z
ATT-002290,SES-00310,STU-00087,true,,,2025-11-24T18:50:00Z
ATT-002291,SES-00310,STU-00092,true,,,2025-11-24T15:20:00Z
ATT-002292,SES-00310,STU-00097,true,,,2025-11-24T18:54:00Z
ATT-002293,SES-00310,STU-00102,true,,,2025-11-24T14:27:00Z
ATT-002294,SES-00312,STU-00062,true,,,2025-11-27T14:10:00Z
ATT-002295,SES-00312,STU-00067,true,,,2025-11-27T15:28:00Z
ATT-002296,SES-00312,STU-00077,false,,illness,2025-11-27T17:31:00Z
ATT-002297,SES-00312,STU-00082,true,,,2025-11-27T17:08:00Z
ATT-002298,SES-00312,STU-00087,false,,school_conflict,2025-11-27T17:00:00Z
ATT-002299,SES-00312,STU-00092,true,,,2025-11-27T16:46:00Z
ATT-002300,SES-00312,STU-00097,false,,family,2025-11-27T18:20:00Z
ATT-002301,SES-00312,STU-00102,true,,,2025-11-27T15:09:00Z
ATT-002302,SES-00313,STU-00063,true,,,2025-09-01T18:45:00Z
ATT-002303,SES-00313,STU-00073,true,,,2025-09-01T17:29:00Z
ATT-002304,SES-00313,STU-00078,true,,,2025-09-01T15:10:00Z
ATT-002305,SES-00313,STU-00083,true,,,2025-09-01T14:20:00Z
ATT-002306,SES-00313,STU-00088,true,,,2025-09-01T14:00:00Z
ATT-002307,SES-00313,STU-00093,true,,,2025-09-01T14:34:00Z
ATT-002308,SES-00313,STU-00098,true,,,2025-09-01T18:29:00Z
ATT-002309,SES-00313,STU-00103,true,40,,2025-09-01T18:56:00Z
ATT-002310,SES-00314,STU-00063,true,,,2025-09-02T15:17:00Z
ATT-002311,SES-00314,STU-00073,true,,,2025-09-02T17:37:00Z
ATT-002312,SES-00314,STU-00078,true,,,2025-09-02T17:59:00Z
ATT-002313,SES-00314,STU-00083,true,,,2025-09-02T15:04:00Z
ATT-002314,SES-00314,STU-00088,true,,,2025-09-02T15:17:00Z
ATT-002315,SES-00314,STU-00093,true,,,2025-09-02T15:51:00Z
ATT-002316,SES-00314,STU-00098,true,,,2025-09-02T17:21:00Z
ATT-002317,SES-00314,STU-00103,true,,,2025-09-02T18:17:00Z
ATT-002318,SES-00315,STU-00063,false,,unknown,2025-09-03T18:42:00Z
ATT-002319,SES-00315,STU-00073,false,,illness,2025-09-03T14:50:00Z
ATT-002320,SES-00315,STU-00078,true,,,2025-09-03T18:09:00Z
ATT-002321,SES-00315,STU-00083,true,,,2025-09-03T14:20:00Z
ATT-002322,SES-00315,STU-00088,true,,,2025-09-03T15:32:00Z
ATT-002323,SES-00315,STU-00093,true,,,2025-09-03T17:20:00Z
ATT-002324,SES-00315,STU-00098,true,,,2025-09-03T15:35:00Z
ATT-002325,SES-00315,STU-00103,true,,,2025-09-03T17:22:00Z
ATT-002326,SES-00316,STU-00063,true,,,2025-09-08T18:05:00Z
ATT-002327,SES-00316,STU-00073,false,,unknown,2025-09-08T15:40:00Z
ATT-002328,SES-00316,STU-00078,false,,unknown,2025-09-08T17:35:00Z
ATT-002329,SES-00316,STU-00083,true,,,2025-09-08T16:43:00Z
ATT-002330,SES-00316,STU-00088,true,,,2025-09-08T16:11:00Z
ATT-002331,SES-00316,STU-00093,true,,,2025-09-08T17:49:00Z
ATT-002332,SES-00316,STU-00098,true,,,2025-09-08T15:39:00Z
ATT-002333,SES-00316,STU-00103,true,,,2025-09-08T15:24:00Z
ATT-002334,SES-00317,STU-00063,true,,,2025-09-09T14:12:00Z
ATT-002335,SES-00317,STU-00073,true,,,2025-09-09T14:37:00Z
ATT-002336,SES-00317,STU-00078,true,,,2025-09-09T16:58:00Z
ATT-002337,SES-00317,STU-00083,true,,,2025-09-09T18:17:00Z
ATT-002338,SES-00317,STU-00088,true,,,2025-09-09T17:25:00Z
ATT-002339,SES-00317,STU-00093,true,,,2025-09-09T16:17:00Z
ATT-002340,SES-00317,STU-00098,true,,,2025-09-09T14:55:00Z
ATT-002341,SES-00317,STU-00103,true,,,2025-09-09T18:40:00Z
ATT-002342,SES-00318,STU-00063,true,,,2025-09-10T18:51:00Z
ATT-002343,SES-00318,STU-00073,true,,,2025-09-10T18:57:00Z
ATT-002344,SES-00318,STU-00078,true,,,2025-09-10T15:55:00Z
ATT-002345,SES-00318,STU-00083,false,,illness,2025-09-10T14:03:00Z
ATT-002346,SES-00318,STU-00088,true,,,2025-09-10T16:06:00Z
ATT-002347,SES-00318,STU-00093,false,,illness,2025-09-10T15:41:00Z
ATT-002348,SES-00318,STU-00098,true,43,,2025-09-10T16:57:00Z
ATT-002349,SES-00318,STU-00103,true,,,2025-09-10T18:46:00Z
ATT-002350,SES-00319,STU-00063,false,,school_conflict,2025-09-15T17:26:00Z
ATT-002351,SES-00319,STU-00073,false,,family,2025-09-15T14:12:00Z
ATT-002352,SES-00319,STU-00078,false,,school_conflict,2025-09-15T16:05:00Z
ATT-002353,SES-00319,STU-00083,true,39,,2025-09-15T15:44:00Z
ATT-002354,SES-00319,STU-00088,true,,,2025-09-15T14:19:00Z
ATT-002355,SES-00319,STU-00093,true,,,2025-09-15T16:29:00Z
ATT-002356,SES-00319,STU-00098,true,,,2025-09-15T18:59:00Z
ATT-002357,SES-00319,STU-00103,true,,,2025-09-15T14:11:00Z
ATT-002358,SES-00320,STU-00063,true,,,2025-09-16T18:40:00Z
ATT-002359,SES-00320,STU-00073,false,,unknown,2025-09-16T14:13:00Z
ATT-002360,SES-00320,STU-00078,true,,,2025-09-16T15:19:00Z
ATT-002361,SES-00320,STU-00083,false,,family,2025-09-16T15:47:00Z
ATT-002362,SES-00320,STU-00088,true,,,2025-09-16T14:24:00Z
ATT-002363,SES-00320,STU-00093,true,,,2025-09-16T15:36:00Z
ATT-002364,SES-00320,STU-00098,true,,,2025-09-16T15:17:00Z
ATT-002365,SES-00320,STU-00103,false,,illness,2025-09-16T16:16:00Z
ATT-002366,SES-00321,STU-00063,true,,,2025-09-17T17:22:00Z
ATT-002367,SES-00321,STU-00073,true,,,2025-09-17T18:28:00Z
ATT-002368,SES-00321,STU-00078,false,,family,2025-09-17T15:02:00Z
ATT-002369,SES-00321,STU-00083,false,,family,2025-09-17T15:34:00Z
ATT-002370,SES-00321,STU-00088,true,,,2025-09-17T17:22:00Z
ATT-002371,SES-00321,STU-00093,true,,,2025-09-17T16:13:00Z
ATT-002372,SES-00321,STU-00098,true,,,2025-09-17T18:53:00Z
ATT-002373,SES-00321,STU-00103,true,,,2025-09-17T18:49:00Z
ATT-002374,SES-00322,STU-00063,true,,,2025-09-22T16:02:00Z
ATT-002375,SES-00322,STU-00073,false,,school_conflict,2025-09-22T15:30:00Z
ATT-002376,SES-00322,STU-00078,true,,,2025-09-22T16:36:00Z
ATT-002377,SES-00322,STU-00083,true,,,2025-09-22T14:20:00Z
ATT-002378,SES-00322,STU-00088,true,,,2025-09-22T14:10:00Z
ATT-002379,SES-00322,STU-00093,true,,,2025-09-22T14:11:00Z
ATT-002380,SES-00322,STU-00098,false,,school_conflict,2025-09-22T17:34:00Z
ATT-002381,SES-00322,STU-00103,true,42,,2025-09-22T18:29:00Z
ATT-002382,SES-00323,STU-00063,true,,,2025-09-23T17:30:00Z
ATT-002383,SES-00323,STU-00073,false,,illness,2025-09-23T16:38:00Z
ATT-002384,SES-00323,STU-00078,true,,,2025-09-23T16:02:00Z
ATT-002385,SES-00323,STU-00083,false,,unknown,2025-09-23T18:06:00Z
ATT-002386,SES-00323,STU-00088,true,,,2025-09-23T18:25:00Z
ATT-002387,SES-00323,STU-00093,true,,,2025-09-23T15:59:00Z
ATT-002388,SES-00323,STU-00098,true,,,2025-09-23T18:12:00Z
ATT-002389,SES-00323,STU-00103,false,,family,2025-09-23T15:08:00Z
ATT-002390,SES-00324,STU-00063,true,,,2025-09-24T14:05:00Z
ATT-002391,SES-00324,STU-00073,true,,,2025-09-24T16:29:00Z
ATT-002392,SES-00324,STU-00078,true,,,2025-09-24T15:12:00Z
ATT-002393,SES-00324,STU-00083,false,,school_conflict,2025-09-24T14:11:00Z
ATT-002394,SES-00324,STU-00088,true,,,2025-09-24T14:46:00Z
ATT-002395,SES-00324,STU-00093,true,,,2025-09-24T16:00:00Z
ATT-002396,SES-00324,STU-00098,true,,,2025-09-24T17:35:00Z
ATT-002397,SES-00324,STU-00103,true,,,2025-09-24T17:42:00Z
ATT-002398,SES-00326,STU-00063,true,,,2025-09-30T15:48:00Z
ATT-002399,SES-00326,STU-00073,false,,school_conflict,2025-09-30T16:48:00Z
ATT-002400,SES-00326,STU-00078,false,,school_conflict,2025-09-30T16:57:00Z
ATT-002401,SES-00326,STU-00083,true,,,2025-09-30T17:38:00Z
ATT-002402,SES-00326,STU-00088,true,37,,2025-09-30T18:01:00Z
ATT-002403,SES-00326,STU-00093,true,,,2025-09-30T15:23:00Z
ATT-002404,SES-00326,STU-00098,true,,,2025-09-30T14:39:00Z
ATT-002405,SES-00326,STU-00103,true,,,2025-09-30T14:41:00Z
ATT-002406,SES-00327,STU-00063,true,,,2025-10-01T14:13:00Z
ATT-002407,SES-00327,STU-00073,true,,,2025-10-01T17:41:00Z
ATT-002408,SES-00327,STU-00078,true,,,2025-10-01T16:24:00Z
ATT-002409,SES-00327,STU-00083,true,,,2025-10-01T16:26:00Z
ATT-002410,SES-00327,STU-00088,true,,,2025-10-01T18:53:00Z
ATT-002411,SES-00327,STU-00093,true,,,2025-10-01T16:43:00Z
ATT-002412,SES-00327,STU-00098,true,,,2025-10-01T17:51:00Z
ATT-002413,SES-00327,STU-00103,true,,,2025-10-01T15:36:00Z
ATT-002414,SES-00328,STU-00063,true,,,2025-10-06T14:31:00Z
ATT-002415,SES-00328,STU-00073,true,,,2025-10-06T17:49:00Z
ATT-002416,SES-00328,STU-00078,true,,,2025-10-06T14:38:00Z
ATT-002417,SES-00328,STU-00083,true,,,2025-10-06T18:23:00Z
ATT-002418,SES-00328,STU-00088,true,,,2025-10-06T18:23:00Z
ATT-002419,SES-00328,STU-00093,true,,,2025-10-06T17:34:00Z
ATT-002420,SES-00328,STU-00098,true,,,2025-10-06T14:09:00Z
ATT-002421,SES-00328,STU-00103,true,,,2025-10-06T18:16:00Z
ATT-002422,SES-00330,STU-00063,true,,,2025-10-08T17:27:00Z
ATT-002423,SES-00330,STU-00073,true,,,2025-10-08T14:55:00Z
ATT-002424,SES-00330,STU-00078,true,,,2025-10-08T18:43:00Z
ATT-002425,SES-00330,STU-00083,true,,,2025-10-08T16:49:00Z
ATT-002426,SES-00330,STU-00088,true,,,2025-10-08T15:18:00Z
ATT-002427,SES-00330,STU-00093,true,35,,2025-10-08T16:40:00Z
ATT-002428,SES-00330,STU-00098,true,,,2025-10-08T14:34:00Z
ATT-002429,SES-00330,STU-00103,true,,,2025-10-08T14:34:00Z
ATT-002430,SES-00332,STU-00063,true,,,2025-10-14T17:27:00Z
ATT-002431,SES-00332,STU-00073,false,,school_conflict,2025-10-14T17:44:00Z
ATT-002432,SES-00332,STU-00078,true,,,2025-10-14T18:36:00Z
ATT-002433,SES-00332,STU-00083,true,35,,2025-10-14T14:09:00Z
ATT-002434,SES-00332,STU-00088,true,,,2025-10-14T14:24:00Z
ATT-002435,SES-00332,STU-00093,true,,,2025-10-14T16:59:00Z
ATT-002436,SES-00332,STU-00098,true,,,2025-10-14T17:01:00Z
ATT-002437,SES-00332,STU-00103,true,,,2025-10-14T14:53:00Z
ATT-002438,SES-00336,STU-00063,false,,no_show,2025-10-22T15:36:00Z
ATT-002439,SES-00336,STU-00073,true,,,2025-10-22T18:34:00Z
ATT-002440,SES-00336,STU-00078,false,,illness,2025-10-22T14:23:00Z
ATT-002441,SES-00336,STU-00083,true,,,2025-10-22T17:17:00Z
ATT-002442,SES-00336,STU-00088,true,,,2025-10-22T16:32:00Z
ATT-002443,SES-00336,STU-00093,true,,,2025-10-22T15:43:00Z
ATT-002444,SES-00336,STU-00098,true,33,,2025-10-22T14:50:00Z
ATT-002445,SES-00336,STU-00103,true,,,2025-10-22T16:29:00Z
ATT-002446,SES-00337,STU-00063,true,,,2025-10-27T16:06:00Z
ATT-002447,SES-00337,STU-00073,true,35,,2025-10-27T15:04:00Z
ATT-002448,SES-00337,STU-00078,true,,,2025-10-27T18:52:00Z
ATT-002449,SES-00337,STU-00083,true,,,2025-10-27T18:21:00Z
ATT-002450,SES-00337,STU-00088,true,,,2025-10-27T18:00:00Z
ATT-002451,SES-00337,STU-00093,true,,,2025-10-27T17:09:00Z
ATT-002452,SES-00337,STU-00098,true,,,2025-10-27T15:34:00Z
ATT-002453,SES-00337,STU-00103,true,,,2025-10-27T16:25:00Z
ATT-002454,SES-00338,STU-00063,true,,,2025-10-28T14:40:00Z
ATT-002455,SES-00338,STU-00073,true,,,2025-10-28T14:13:00Z
ATT-002456,SES-00338,STU-00078,true,,,2025-10-28T16:18:00Z
ATT-002457,SES-00338,STU-00083,true,,,2025-10-28T17:01:00Z
ATT-002458,SES-00338,STU-00088,true,,,2025-10-28T18:22:00Z
ATT-002459,SES-00338,STU-00093,true,,,2025-10-28T14:48:00Z
ATT-002460,SES-00338,STU-00098,false,,family,2025-10-28T17:15:00Z
ATT-002461,SES-00338,STU-00103,true,,,2025-10-28T17:38:00Z
ATT-002462,SES-00339,STU-00063,false,,illness,2025-10-29T17:13:00Z
ATT-002463,SES-00339,STU-00073,true,,,2025-10-29T16:11:00Z
ATT-002464,SES-00339,STU-00078,false,,unknown,2025-10-29T17:35:00Z
ATT-002465,SES-00339,STU-00083,true,,,2025-10-29T17:57:00Z
ATT-002466,SES-00339,STU-00088,true,,,2025-10-29T16:40:00Z
ATT-002467,SES-00339,STU-00093,true,,,2025-10-29T16:32:00Z
ATT-002468,SES-00339,STU-00098,true,,,2025-10-29T17:31:00Z
ATT-002469,SES-00339,STU-00103,true,,,2025-10-29T17:10:00Z
ATT-002470,SES-00340,STU-00063,false,,illness,2025-11-03T16:00:00Z
ATT-002471,SES-00340,STU-00073,true,,,2025-11-03T17:41:00Z
ATT-002472,SES-00340,STU-00078,true,,,2025-11-03T17:37:00Z
ATT-002473,SES-00340,STU-00083,true,,,2025-11-03T17:12:00Z
ATT-002474,SES-00340,STU-00088,true,,,2025-11-03T15:39:00Z
ATT-002475,SES-00340,STU-00093,true,,,2025-11-03T18:36:00Z
ATT-002476,SES-00340,STU-00098,true,,,2025-11-03T16:39:00Z
ATT-002477,SES-00340,STU-00103,true,,,2025-11-03T17:43:00Z
ATT-002478,SES-00341,STU-00063,true,,,2025-11-04T18:56:00Z
ATT-002479,SES-00341,STU-00073,true,,,2025-11-04T18:55:00Z
ATT-002480,SES-00341,STU-00078,true,,,2025-11-04T17:23:00Z
ATT-002481,SES-00341,STU-00083,true,,,2025-11-04T17:59:00Z
ATT-002482,SES-00341,STU-00088,true,,,2025-11-04T15:18:00Z
ATT-002483,SES-00341,STU-00093,true,39,,2025-11-04T17:29:00Z
ATT-002484,SES-00341,STU-00098,true,,,2025-11-04T15:50:00Z
ATT-002485,SES-00341,STU-00103,true,,,2025-11-04T14:51:00Z
ATT-002486,SES-00342,STU-00063,true,,,2025-11-05T15:15:00Z
ATT-002487,SES-00342,STU-00073,true,,,2025-11-05T14:47:00Z
ATT-002488,SES-00342,STU-00078,true,,,2025-11-05T18:30:00Z
ATT-002489,SES-00342,STU-00083,false,,illness,2025-11-05T17:16:00Z
ATT-002490,SES-00342,STU-00088,false,,school_conflict,2025-11-05T18:41:00Z
ATT-002491,SES-00342,STU-00093,false,,unknown,2025-11-05T17:30:00Z
ATT-002492,SES-00342,STU-00098,false,,illness,2025-11-05T17:53:00Z
ATT-002493,SES-00342,STU-00103,false,,unknown,2025-11-05T16:25:00Z
ATT-002494,SES-00343,STU-00063,true,,,2025-11-10T17:27:00Z
ATT-002495,SES-00343,STU-00073,true,,,2025-11-10T16:48:00Z
ATT-002496,SES-00343,STU-00078,false,,unknown,2025-11-10T14:46:00Z
ATT-002497,SES-00343,STU-00083,true,,,2025-11-10T16:09:00Z
ATT-002498,SES-00343,STU-00088,false,,unknown,2025-11-10T15:16:00Z
ATT-002499,SES-00343,STU-00093,true,,,2025-11-10T14:29:00Z
ATT-002500,SES-00343,STU-00098,false,,school_conflict,2025-11-10T15:48:00Z
ATT-002501,SES-00343,STU-00103,true,,,2025-11-10T17:21:00Z
ATT-002502,SES-00344,STU-00063,true,,,2025-11-11T18:17:00Z
ATT-002503,SES-00344,STU-00073,true,,,2025-11-11T15:33:00Z
ATT-002504,SES-00344,STU-00078,true,,,2025-11-11T16:36:00Z
ATT-002505,SES-00344,STU-00083,true,,,2025-11-11T15:36:00Z
ATT-002506,SES-00344,STU-00088,true,,,2025-11-11T17:43:00Z
ATT-002507,SES-00344,STU-00093,true,,,2025-11-11T15:09:00Z
ATT-002508,SES-00344,STU-00098,true,,,2025-11-11T16:40:00Z
ATT-002509,SES-00344,STU-00103,true,,,2025-11-11T18:19:00Z
ATT-002510,SES-00345,STU-00063,true,35,,2025-11-12T18:47:00Z
ATT-002511,SES-00345,STU-00073,false,,school_conflict,2025-11-12T17:39:00Z
ATT-002512,SES-00345,STU-00078,false,,no_show,2025-11-12T15:37:00Z
ATT-002513,SES-00345,STU-00083,false,,school_conflict,2025-11-12T16:24:00Z
ATT-002514,SES-00345,STU-00088,false,,school_conflict,2025-11-12T15:55:00Z
ATT-002515,SES-00345,STU-00093,true,,,2025-11-12T17:00:00Z
ATT-002516,SES-00345,STU-00098,true,33,,2025-11-12T16:13:00Z
ATT-002517,SES-00345,STU-00103,true,,,2025-11-12T14:41:00Z
ATT-002518,SES-00346,STU-00063,true,,,2025-11-17T18:58:00Z
ATT-002519,SES-00346,STU-00073,true,41,,2025-11-17T18:57:00Z
ATT-002520,SES-00346,STU-00078,true,,,2025-11-17T14:25:00Z
ATT-002521,SES-00346,STU-00083,true,,,2025-11-17T18:04:00Z
ATT-002522,SES-00346,STU-00088,true,,,2025-11-17T18:55:00Z
ATT-002523,SES-00346,STU-00093,true,,,2025-11-17T17:36:00Z
ATT-002524,SES-00346,STU-00098,true,,,2025-11-17T15:44:00Z
ATT-002525,SES-00346,STU-00103,false,,unknown,2025-11-17T15:44:00Z
ATT-002526,SES-00347,STU-00063,true,,,2025-11-18T18:17:00Z
ATT-002527,SES-00347,STU-00073,true,,,2025-11-18T15:46:00Z
ATT-002528,SES-00347,STU-00078,false,,illness,2025-11-18T15:33:00Z
ATT-002529,SES-00347,STU-00083,true,,,2025-11-18T15:37:00Z
ATT-002530,SES-00347,STU-00088,true,,,2025-11-18T14:34:00Z
ATT-002531,SES-00347,STU-00093,false,,illness,2025-11-18T14:12:00Z
ATT-002532,SES-00347,STU-00098,true,,,2025-11-18T17:12:00Z
ATT-002533,SES-00347,STU-00103,true,,,2025-11-18T18:31:00Z
ATT-002534,SES-00348,STU-00063,true,36,,2025-11-19T14:46:00Z
ATT-002535,SES-00348,STU-00073,false,,unknown,2025-11-19T15:37:00Z
ATT-002536,SES-00348,STU-00078,true,,,2025-11-19T17:00:00Z
ATT-002537,SES-00348,STU-00083,true,,,2025-11-19T16:31:00Z
ATT-002538,SES-00348,STU-00088,true,,,2025-11-19T17:32:00Z
ATT-002539,SES-00348,STU-00093,true,,,2025-11-19T16:55:00Z
ATT-002540,SES-00348,STU-00098,true,,,2025-11-19T18:32:00Z
ATT-002541,SES-00348,STU-00103,true,,,2025-11-19T15:31:00Z
ATT-002542,SES-00349,STU-00063,true,,,2025-11-24T18:30:00Z
ATT-002543,SES-00349,STU-00073,true,,,2025-11-24T17:43:00Z
ATT-002544,SES-00349,STU-00078,true,,,2025-11-24T17:21:00Z
ATT-002545,SES-00349,STU-00083,true,,,2025-11-24T15:12:00Z
ATT-002546,SES-00349,STU-00088,true,,,2025-11-24T15:19:00Z
ATT-002547,SES-00349,STU-00093,true,,,2025-11-24T18:30:00Z
ATT-002548,SES-00349,STU-00098,true,,,2025-11-24T18:13:00Z
ATT-002549,SES-00349,STU-00103,true,,,2025-11-24T15:12:00Z
ATT-002550,SES-00350,STU-00063,true,,,2025-11-25T15:39:00Z
ATT-002551,SES-00350,STU-00073,true,,,2025-11-25T18:30:00Z
ATT-002552,SES-00350,STU-00078,true,,,2025-11-25T16:14:00Z
ATT-002553,SES-00350,STU-00083,false,,school_conflict,2025-11-25T16:23:00Z
ATT-002554,SES-00350,STU-00088,true,,,2025-11-25T16:53:00Z
ATT-002555,SES-00350,STU-00093,true,,,2025-11-25T17:36:00Z
ATT-002556,SES-00350,STU-00098,true,,,2025-11-25T17:03:00Z
ATT-002557,SES-00350,STU-00103,false,,school_conflict,2025-11-25T15:29:00Z
ATT-002558,SES-00351,STU-00063,true,41,,2025-11-26T15:13:00Z
ATT-002559,SES-00351,STU-00073,true,,,2025-11-26T16:01:00Z
ATT-002560,SES-00351,STU-00078,true,,,2025-11-26T16:35:00Z
ATT-002561,SES-00351,STU-00083,true,,,2025-11-26T15:39:00Z
ATT-002562,SES-00351,STU-00088,true,,,2025-11-26T14:04:00Z
ATT-002563,SES-00351,STU-00093,true,,,2025-11-26T17:46:00Z
ATT-002564,SES-00351,STU-00098,true,,,2025-11-26T14:49:00Z
ATT-002565,SES-00351,STU-00103,true,,,2025-11-26T17:15:00Z
ATT-002566,SES-00352,STU-00064,true,,,2025-09-01T17:03:00Z
ATT-002567,SES-00352,STU-00069,true,,,2025-09-01T16:34:00Z
ATT-002568,SES-00352,STU-00074,true,,,2025-09-01T14:30:00Z
ATT-002569,SES-00352,STU-00079,true,,,2025-09-01T16:49:00Z
ATT-002570,SES-00352,STU-00084,true,,,2025-09-01T15:37:00Z
ATT-002571,SES-00352,STU-00089,true,,,2025-09-01T14:28:00Z
ATT-002572,SES-00352,STU-00094,true,,,2025-09-01T16:35:00Z
ATT-002573,SES-00352,STU-00099,true,,,2025-09-01T14:08:00Z
ATT-002574,SES-00352,STU-00104,true,42,,2025-09-01T16:54:00Z
ATT-002575,SES-00353,STU-00064,true,,,2025-09-02T15:11:00Z
ATT-002576,SES-00353,STU-00069,true,,,2025-09-02T16:21:00Z
ATT-002577,SES-00353,STU-00074,true,,,2025-09-02T16:16:00Z
ATT-002578,SES-00353,STU-00079,true,,,2025-09-02T15:07:00Z
ATT-002579,SES-00353,STU-00084,true,,,2025-09-02T17:51:00Z
ATT-002580,SES-00353,STU-00089,true,,,2025-09-02T18:23:00Z
ATT-002581,SES-00353,STU-00094,true,,,2025-09-02T14:32:00Z
ATT-002582,SES-00353,STU-00099,false,,school_conflict,2025-09-02T18:31:00Z
ATT-002583,SES-00353,STU-00104,true,,,2025-09-02T14:47:00Z
ATT-002584,SES-00354,STU-00064,true,,,2025-09-04T18:49:00Z
ATT-002585,SES-00354,STU-00069,true,,,2025-09-04T18:54:00Z
ATT-002586,SES-00354,STU-00074,false,,family,2025-09-04T17:39:00Z
ATT-002587,SES-00354,STU-00079,true,,,2025-09-04T14:49:00Z
ATT-002588,SES-00354,STU-00084,true,,,2025-09-04T17:28:00Z
ATT-002589,SES-00354,STU-00089,false,,no_show,2025-09-04T15:41:00Z
ATT-002590,SES-00354,STU-00094,true,,,2025-09-04T18:21:00Z
ATT-002591,SES-00354,STU-00099,true,,,2025-09-04T17:56:00Z
ATT-002592,SES-00354,STU-00104,true,,,2025-09-04T14:39:00Z
ATT-002593,SES-00356,STU-00064,false,,illness,2025-09-09T15:20:00Z
ATT-002594,SES-00356,STU-00069,true,,,2025-09-09T15:37:00Z
ATT-002595,SES-00356,STU-00074,true,,,2025-09-09T17:41:00Z
ATT-002596,SES-00356,STU-00079,true,,,2025-09-09T18:59:00Z
ATT-002597,SES-00356,STU-00084,true,,,2025-09-09T18:09:00Z
ATT-002598,SES-00356,STU-00089,true,,,2025-09-09T16:11:00Z
ATT-002599,SES-00356,STU-00094,true,,,2025-09-09T14:49:00Z
ATT-002600,SES-00356,STU-00099,true,,,2025-09-09T14:20:00Z
ATT-002601,SES-00356,STU-00104,false,,no_show,2025-09-09T15:12:00Z
ATT-002602,SES-00357,STU-00064,true,,,2025-09-11T16:14:00Z
ATT-002603,SES-00357,STU-00069,false,,illness,2025-09-11T16:01:00Z
ATT-002604,SES-00357,STU-00074,true,,,2025-09-11T17:07:00Z
ATT-002605,SES-00357,STU-00079,false,,school_conflict,2025-09-11T17:55:00Z
ATT-002606,SES-00357,STU-00084,true,,,2025-09-11T17:03:00Z
ATT-002607,SES-00357,STU-00089,true,,,2025-09-11T15:49:00Z
ATT-002608,SES-00357,STU-00094,true,,,2025-09-11T14:11:00Z
ATT-002609,SES-00357,STU-00099,true,,,2025-09-11T18:07:00Z
ATT-002610,SES-00357,STU-00104,true,,,2025-09-11T17:47:00Z
ATT-002611,SES-00358,STU-00064,true,,,2025-09-15T16:26:00Z
ATT-002612,SES-00358,STU-00069,true,,,2025-09-15T18:23:00Z
ATT-002613,SES-00358,STU-00074,true,,,2025-09-15T17:01:00Z
ATT-002614,SES-00358,STU-00079,true,,,2025-09-15T17:54:00Z
ATT-002615,SES-00358,STU-00084,true,,,2025-09-15T16:53:00Z
ATT-002616,SES-00358,STU-00089,true,,,2025-09-15T16:14:00Z
ATT-002617,SES-00358,STU-00094,false,,illness,2025-09-15T17:56:00Z
ATT-002618,SES-00358,STU-00099,true,,,2025-09-15T16:46:00Z
ATT-002619,SES-00358,STU-00104,true,,,2025-09-15T15:54:00Z
ATT-002620,SES-00359,STU-00064,true,,,2025-09-16T15:33:00Z
ATT-002621,SES-00359,STU-00069,true,,,2025-09-16T14:03:00Z
ATT-002622,SES-00359,STU-00074,true,,,2025-09-16T16:23:00Z
ATT-002623,SES-00359,STU-00079,true,,,2025-09-16T17:11:00Z
ATT-002624,SES-00359,STU-00084,true,,,2025-09-16T15:47:00Z
ATT-002625,SES-00359,STU-00089,false,,family,2025-09-16T16:56:00Z
ATT-002626,SES-00359,STU-00094,false,,unknown,2025-09-16T14:31:00Z
ATT-002627,SES-00359,STU-00099,true,,,2025-09-16T16:58:00Z
ATT-002628,SES-00359,STU-00104,false,,family,2025-09-16T14:50:00Z
ATT-002629,SES-00360,STU-00064,true,37,,2025-09-18T14:47:00Z
ATT-002630,SES-00360,STU-00069,false,,no_show,2025-09-18T14:34:00Z
ATT-002631,SES-00360,STU-00074,true,,,2025-09-18T18:10:00Z
ATT-002632,SES-00360,STU-00079,true,44,,2025-09-18T15:05:00Z
ATT-002633,SES-00360,STU-00084,true,37,,2025-09-18T17:26:00Z
ATT-002634,SES-00360,STU-00089,false,,school_conflict,2025-09-18T15:54:00Z
ATT-002635,SES-00360,STU-00094,true,,,2025-09-18T16:30:00Z
ATT-002636,SES-00360,STU-00099,true,,,2025-09-18T15:20:00Z
ATT-002637,SES-00360,STU-00104,true,,,2025-09-18T18:42:00Z
ATT-002638,SES-00361,STU-00064,true,,,2025-09-22T18:12:00Z
ATT-002639,SES-00361,STU-00069,true,,,2025-09-22T15:14:00Z
ATT-002640,SES-00361,STU-00074,true,,,2025-09-22T17:18:00Z
ATT-002641,SES-00361,STU-00079,false,,illness,2025-09-22T15:16:00Z
ATT-002642,SES-00361,STU-00084,true,,,2025-09-22T16:45:00Z
ATT-002643,SES-00361,STU-00089,false,,family,2025-09-22T18:33:00Z
ATT-002644,SES-00361,STU-00094,true,,,2025-09-22T15:20:00Z
ATT-002645,SES-00361,STU-00099,true,,,2025-09-22T18:47:00Z
ATT-002646,SES-00361,STU-00104,false,,illness,2025-09-22T17:40:00Z
ATT-002647,SES-00362,STU-00064,true,,,2025-09-23T15:00:00Z
ATT-002648,SES-00362,STU-00069,true,42,,2025-09-23T15:10:00Z
ATT-002649,SES-00362,STU-00074,true,37,,2025-09-23T17:54:00Z
ATT-002650,SES-00362,STU-00079,true,,,2025-09-23T18:25:00Z
ATT-002651,SES-00362,STU-00084,true,,,2025-09-23T18:16:00Z
ATT-002652,SES-00362,STU-00089,true,,,2025-09-23T16:41:00Z
ATT-002653,SES-00362,STU-00094,true,,,2025-09-23T16:57:00Z
ATT-002654,SES-00362,STU-00099,true,,,2025-09-23T17:49:00Z
ATT-002655,SES-00362,STU-00104,true,,,2025-09-23T16:48:00Z
ATT-002656,SES-00363,STU-00064,true,35,,2025-09-25T17:41:00Z
ATT-002657,SES-00363,STU-00069,true,,,2025-09-25T14:14:00Z
ATT-002658,SES-00363,STU-00074,false,,unknown,2025-09-25T14:35:00Z
ATT-002659,SES-00363,STU-00079,true,,,2025-09-25T16:19:00Z
ATT-002660,SES-00363,STU-00084,true,,,2025-09-25T14:55:00Z
ATT-002661,SES-00363,STU-00089,false,,illness,2025-09-25T18:12:00Z
ATT-002662,SES-00363,STU-00094,true,,,2025-09-25T14:12:00Z
ATT-002663,SES-00363,STU-00099,true,,,2025-09-25T18:49:00Z
ATT-002664,SES-00363,STU-00104,true,,,2025-09-25T18:03:00Z
ATT-002665,SES-00364,STU-00064,true,,,2025-09-29T15:44:00Z
ATT-002666,SES-00364,STU-00069,false,,school_conflict,2025-09-29T16:10:00Z
ATT-002667,SES-00364,STU-00074,true,,,2025-09-29T18:14:00Z
ATT-002668,SES-00364,STU-00079,false,,unknown,2025-09-29T15:34:00Z
ATT-002669,SES-00364,STU-00084,false,,family,2025-09-29T15:17:00Z
ATT-002670,SES-00364,STU-00089,true,,,2025-09-29T17:18:00Z
ATT-002671,SES-00364,STU-00094,true,,,2025-09-29T17:57:00Z
ATT-002672,SES-00364,STU-00099,true,,,2025-09-29T16:00:00Z
ATT-002673,SES-00364,STU-00104,true,,,2025-09-29T16:13:00Z
ATT-002674,SES-00365,STU-00064,false,,family,2025-09-30T14:03:00Z
ATT-002675,SES-00365,STU-00069,true,,,2025-09-30T17:52:00Z
ATT-002676,SES-00365,STU-00074,true,,,2025-09-30T15:25:00Z
ATT-002677,SES-00365,STU-00079,true,,,2025-09-30T17:37:00Z
ATT-002678,SES-00365,STU-00084,true,,,2025-09-30T14:14:00Z
ATT-002679,SES-00365,STU-00089,false,,illness,2025-09-30T17:07:00Z
ATT-002680,SES-00365,STU-00094,true,,,2025-09-30T15:13:00Z
ATT-002681,SES-00365,STU-00099,true,,,2025-09-30T16:00:00Z
ATT-002682,SES-00365,STU-00104,true,,,2025-09-30T18:06:00Z
ATT-002683,SES-00367,STU-00064,true,,,2025-10-06T15:42:00Z
ATT-002684,SES-00367,STU-00069,true,,,2025-10-06T18:47:00Z
ATT-002685,SES-00367,STU-00074,true,,,2025-10-06T16:56:00Z
ATT-002686,SES-00367,STU-00079,true,,,2025-10-06T17:53:00Z
ATT-002687,SES-00367,STU-00084,false,,illness,2025-10-06T17:27:00Z
ATT-002688,SES-00367,STU-00089,true,,,2025-10-06T17:48:00Z
ATT-002689,SES-00367,STU-00094,true,,,2025-10-06T14:46:00Z
ATT-002690,SES-00367,STU-00099,true,,,2025-10-06T16:15:00Z
ATT-002691,SES-00367,STU-00104,false,,family,2025-10-06T17:26:00Z
ATT-002692,SES-00368,STU-00064,true,,,2025-10-07T16:53:00Z
ATT-002693,SES-00368,STU-00069,true,,,2025-10-07T16:40:00Z
ATT-002694,SES-00368,STU-00074,true,,,2025-10-07T16:22:00Z
ATT-002695,SES-00368,STU-00079,true,,,2025-10-07T17:15:00Z
ATT-002696,SES-00368,STU-00084,true,,,2025-10-07T17:42:00Z
ATT-002697,SES-00368,STU-00089,true,,,2025-10-07T17:35:00Z
ATT-002698,SES-00368,STU-00094,true,,,2025-10-07T18:33:00Z
ATT-002699,SES-00368,STU-00099,false,,family,2025-10-07T14:38:00Z
ATT-002700,SES-00368,STU-00104,true,,,2025-10-07T14:36:00Z
ATT-002701,SES-00369,STU-00064,true,,,2025-10-09T15:23:00Z
ATT-002702,SES-00369,STU-00069,true,,,2025-10-09T18:26:00Z
ATT-002703,SES-00369,STU-00074,true,,,2025-10-09T14:22:00Z
ATT-002704,SES-00369,STU-00079,true,,,2025-10-09T17:36:00Z
ATT-002705,SES-00369,STU-00084,false,,illness,2025-10-09T17:52:00Z
ATT-002706,SES-00369,STU-00089,false,,unknown,2025-10-09T17:42:00Z
ATT-002707,SES-00369,STU-00094,false,,illness,2025-10-09T15:01:00Z
ATT-002708,SES-00369,STU-00099,true,,,2025-10-09T16:58:00Z
ATT-002709,SES-00369,STU-00104,true,37,,2025-10-09T16:22:00Z
ATT-002710,SES-00371,STU-00064,true,,,2025-10-14T15:17:00Z
ATT-002711,SES-00371,STU-00069,true,37,,2025-10-14T16:49:00Z
ATT-002712,SES-00371,STU-00074,true,,,2025-10-14T18:41:00Z
ATT-002713,SES-00371,STU-00079,true,,,2025-10-14T16:49:00Z
ATT-002714,SES-00371,STU-00084,true,,,2025-10-14T14:21:00Z
ATT-002715,SES-00371,STU-00089,true,,,2025-10-14T15:20:00Z
ATT-002716,SES-00371,STU-00094,false,,illness,2025-10-14T14:40:00Z
ATT-002717,SES-00371,STU-00099,true,,,2025-10-14T15:48:00Z
ATT-002718,SES-00371,STU-00104,true,,,2025-10-14T17:22:00Z
ATT-002719,SES-00373,STU-00064,true,,,2025-10-20T16:48:00Z
ATT-002720,SES-00373,STU-00069,true,,,2025-10-20T14:07:00Z
ATT-002721,SES-00373,STU-00074,true,,,2025-10-20T18:44:00Z
ATT-002722,SES-00373,STU-00079,true,,,2025-10-20T18:34:00Z
ATT-002723,SES-00373,STU-00084,true,,,2025-10-20T14:12:00Z
ATT-002724,SES-00373,STU-00089,true,,,2025-10-20T17:54:00Z
ATT-002725,SES-00373,STU-00094,true,,,2025-10-20T18:22:00Z
ATT-002726,SES-00373,STU-00099,true,,,2025-10-20T14:54:00Z
ATT-002727,SES-00373,STU-00104,false,,unknown,2025-10-20T16:39:00Z
ATT-002728,SES-00376,STU-00064,true,,,2025-10-27T15:28:00Z
ATT-002729,SES-00376,STU-00069,false,,illness,2025-10-27T15:42:00Z
ATT-002730,SES-00376,STU-00074,false,,illness,2025-10-27T15:53:00Z
ATT-002731,SES-00376,STU-00079,true,,,2025-10-27T15:28:00Z
ATT-002732,SES-00376,STU-00084,true,,,2025-10-27T14:18:00Z
ATT-002733,SES-00376,STU-00089,true,39,,2025-10-27T17:53:00Z
ATT-002734,SES-00376,STU-00094,true,,,2025-10-27T18:12:00Z
ATT-002735,SES-00376,STU-00099,true,,,2025-10-27T18:25:00Z
ATT-002736,SES-00376,STU-00104,true,,,2025-10-27T17:47:00Z
ATT-002737,SES-00377,STU-00064,true,,,2025-10-28T16:51:00Z
ATT-002738,SES-00377,STU-00069,true,,,2025-10-28T16:57:00Z
ATT-002739,SES-00377,STU-00074,false,,illness,2025-10-28T18:22:00Z
ATT-002740,SES-00377,STU-00079,true,,,2025-10-28T16:55:00Z
ATT-002741,SES-00377,STU-00084,false,,unknown,2025-10-28T18:37:00Z
ATT-002742,SES-00377,STU-00089,true,,,2025-10-28T18:45:00Z
ATT-002743,SES-00377,STU-00094,true,,,2025-10-28T18:14:00Z
ATT-002744,SES-00377,STU-00099,true,,,2025-10-28T18:52:00Z
ATT-002745,SES-00377,STU-00104,false,,school_conflict,2025-10-28T18:53:00Z
ATT-002746,SES-00378,STU-00064,true,,,2025-10-30T17:37:00Z
ATT-002747,SES-00378,STU-00069,true,,,2025-10-30T15:01:00Z
ATT-002748,SES-00378,STU-00074,true,,,2025-10-30T14:57:00Z
ATT-002749,SES-00378,STU-00079,true,,,2025-10-30T15:04:00Z
ATT-002750,SES-00378,STU-00084,true,41,,2025-10-30T16:36:00Z
ATT-002751,SES-00378,STU-00089,true,,,2025-10-30T14:45:00Z
ATT-002752,SES-00378,STU-00094,true,,,2025-10-30T15:25:00Z
ATT-002753,SES-00378,STU-00099,true,,,2025-10-30T18:44:00Z
ATT-002754,SES-00378,STU-00104,true,,,2025-10-30T18:51:00Z
ATT-002755,SES-00379,STU-00064,false,,no_show,2025-11-03T15:49:00Z
ATT-002756,SES-00379,STU-00069,true,,,2025-11-03T16:55:00Z
ATT-002757,SES-00379,STU-00074,true,,,2025-11-03T16:37:00Z
ATT-002758,SES-00379,STU-00079,true,,,2025-11-03T18:04:00Z
ATT-002759,SES-00379,STU-00084,true,,,2025-11-03T15:15:00Z
ATT-002760,SES-00379,STU-00089,false,,unknown,2025-11-03T15:53:00Z
ATT-002761,SES-00379,STU-00094,true,,,2025-11-03T17:46:00Z
ATT-002762,SES-00379,STU-00099,true,,,2025-11-03T17:36:00Z
ATT-002763,SES-00379,STU-00104,true,,,2025-11-03T17:24:00Z
ATT-002764,SES-00380,STU-00064,true,,,2025-11-04T16:11:00Z
ATT-002765,SES-00380,STU-00069,true,,,2025-11-04T17:56:00Z
ATT-002766,SES-00380,STU-00074,true,,,2025-11-04T16:25:00Z
ATT-002767,SES-00380,STU-00079,true,,,2025-11-04T14:21:00Z
ATT-002768,SES-00380,STU-00084,true,,,2025-11-04T16:01:00Z
ATT-002769,SES-00380,STU-00089,false,,illness,2025-11-04T18:03:00Z
ATT-002770,SES-00380,STU-00094,true,,,2025-11-04T14:33:00Z
ATT-002771,SES-00380,STU-00099,true,,,2025-11-04T16:01:00Z
ATT-002772,SES-00380,STU-00104,true,,,2025-11-04T16:54:00Z
ATT-002773,SES-00381,STU-00064,true,,,2025-11-06T18:31:00Z
ATT-002774,SES-00381,STU-00069,true,,,2025-11-06T16:06:00Z
ATT-002775,SES-00381,STU-00074,false,,no_show,2025-11-06T18:23:00Z
ATT-002776,SES-00381,STU-00079,true,,,2025-11-06T15:32:00Z
ATT-002777,SES-00381,STU-00084,true,,,2025-11-06T14:39:00Z
ATT-002778,SES-00381,STU-00089,true,,,2025-11-06T14:51:00Z
ATT-002779,SES-00381,STU-00094,false,,no_show,2025-11-06T14:22:00Z
ATT-002780,SES-00381,STU-00099,true,,,2025-11-06T15:57:00Z
ATT-002781,SES-00381,STU-00104,true,,,2025-11-06T15:39:00Z
ATT-002782,SES-00382,STU-00064,false,,no_show,2025-11-10T18:53:00Z
ATT-002783,SES-00382,STU-00069,true,,,2025-11-10T14:42:00Z
ATT-002784,SES-00382,STU-00074,true,,,2025-11-10T16:09:00Z
ATT-002785,SES-00382,STU-00079,true,,,2025-11-10T15:50:00Z
ATT-002786,SES-00382,STU-00084,true,,,2025-11-10T17:51:00Z
ATT-002787,SES-00382,STU-00089,false,,family,2025-11-10T18:06:00Z
ATT-002788,SES-00382,STU-00094,false,,illness,2025-11-10T16:58:00Z
ATT-002789,SES-00382,STU-00099,true,,,2025-11-10T18:33:00Z
ATT-002790,SES-00382,STU-00104,true,,,2025-11-10T15:18:00Z
ATT-002791,SES-00383,STU-00064,true,,,2025-11-11T15:18:00Z
ATT-002792,SES-00383,STU-00069,false,,school_conflict,2025-11-11T17:24:00Z
ATT-002793,SES-00383,STU-00074,true,31,,2025-11-11T16:35:00Z
ATT-002794,SES-00383,STU-00079,true,,,2025-11-11T17:50:00Z
ATT-002795,SES-00383,STU-00084,true,,,2025-11-11T14:33:00Z
ATT-002796,SES-00383,STU-00089,false,,illness,2025-11-11T14:19:00Z
ATT-002797,SES-00383,STU-00094,false,,unknown,2025-11-11T18:34:00Z
ATT-002798,SES-00383,STU-00099,true,,,2025-11-11T14:34:00Z
ATT-002799,SES-00383,STU-00104,true,,,2025-11-11T17:12:00Z
ATT-002800,SES-00385,STU-00064,true,,,2025-11-17T17:47:00Z
ATT-002801,SES-00385,STU-00069,true,,,2025-11-17T18:23:00Z
ATT-002802,SES-00385,STU-00074,true,33,,2025-11-17T14:29:00Z
ATT-002803,SES-00385,STU-00079,false,,unknown,2025-11-17T16:04:00Z
ATT-002804,SES-00385,STU-00084,true,,,2025-11-17T18:40:00Z
ATT-002805,SES-00385,STU-00089,true,36,,2025-11-17T15:57:00Z
ATT-002806,SES-00385,STU-00094,true,,,2025-11-17T14:57:00Z
ATT-002807,SES-00385,STU-00099,true,,,2025-11-17T16:11:00Z
ATT-002808,SES-00385,STU-00104,false,,unknown,2025-11-17T16:58:00Z
ATT-002809,SES-00386,STU-00064,false,,illness,2025-11-18T15:38:00Z
ATT-002810,SES-00386,STU-00069,true,,,2025-11-18T17:43:00Z
ATT-002811,SES-00386,STU-00074,true,,,2025-11-18T16:13:00Z
ATT-002812,SES-00386,STU-00079,false,,family,2025-11-18T16:26:00Z
ATT-002813,SES-00386,STU-00084,true,,,2025-11-18T17:24:00Z
ATT-002814,SES-00386,STU-00089,true,,,2025-11-18T17:16:00Z
ATT-002815,SES-00386,STU-00094,true,,,2025-11-18T17:02:00Z
ATT-002816,SES-00386,STU-00099,true,,,2025-11-18T15:04:00Z
ATT-002817,SES-00386,STU-00104,true,,,2025-11-18T17:04:00Z
ATT-002818,SES-00387,STU-00064,true,,,2025-11-20T16:43:00Z
ATT-002819,SES-00387,STU-00069,true,,,2025-11-20T16:34:00Z
ATT-002820,SES-00387,STU-00074,true,,,2025-11-20T16:06:00Z
ATT-002821,SES-00387,STU-00079,true,,,2025-11-20T15:05:00Z
ATT-002822,SES-00387,STU-00084,true,,,2025-11-20T15:33:00Z
ATT-002823,SES-00387,STU-00089,false,,school_conflict,2025-11-20T14:07:00Z
ATT-002824,SES-00387,STU-00094,true,,,2025-11-20T15:05:00Z
ATT-002825,SES-00387,STU-00099,true,,,2025-11-20T15:27:00Z
ATT-002826,SES-00387,STU-00104,true,,,2025-11-20T15:28:00Z
ATT-002827,SES-00388,STU-00064,true,44,,2025-11-24T18:49:00Z
ATT-002828,SES-00388,STU-00069,false,,unknown,2025-11-24T16:02:00Z
ATT-002829,SES-00388,STU-00074,true,,,2025-11-24T16:55:00Z
ATT-002830,SES-00388,STU-00079,false,,no_show,2025-11-24T16:29:00Z
ATT-002831,SES-00388,STU-00084,true,,,2025-11-24T17:24:00Z
ATT-002832,SES-00388,STU-00089,true,,,2025-11-24T14:14:00Z
ATT-002833,SES-00388,STU-00094,true,,,2025-11-24T17:01:00Z
ATT-002834,SES-00388,STU-00099,false,,illness,2025-11-24T15:38:00Z
ATT-002835,SES-00388,STU-00104,true,,,2025-11-24T15:35:00Z
ATT-002836,SES-00389,STU-00064,false,,illness,2025-11-25T14:26:00Z
ATT-002837,SES-00389,STU-00069,true,41,,2025-11-25T15:46:00Z
ATT-002838,SES-00389,STU-00074,false,,school_conflict,2025-11-25T15:57:00Z
ATT-002839,SES-00389,STU-00079,true,,,2025-11-25T17:00:00Z
ATT-002840,SES-00389,STU-00084,true,,,2025-11-25T18:07:00Z
ATT-002841,SES-00389,STU-00089,false,,unknown,2025-11-25T14:36:00Z
ATT-002842,SES-00389,STU-00094,true,43,,2025-11-25T17:59:00Z
ATT-002843,SES-00389,STU-00099,true,,,2025-11-25T18:24:00Z
ATT-002844,SES-00389,STU-00104,true,,,2025-11-25T17:39:00Z
ATT-002845,SES-00390,STU-00064,true,,,2025-11-27T17:30:00Z
ATT-002846,SES-00390,STU-00069,false,,illness,2025-11-27T18:56:00Z
ATT-002847,SES-00390,STU-00074,true,,,2025-11-27T15:24:00Z
ATT-002848,SES-00390,STU-00079,false,,unknown,2025-11-27T16:47:00Z
ATT-002849,SES-00390,STU-00084,true,,,2025-11-27T15:02:00Z
ATT-002850,SES-00390,STU-00089,true,,,2025-11-27T18:54:00Z
ATT-002851,SES-00390,STU-00094,true,,,2025-11-27T16:13:00Z
ATT-002852,SES-00390,STU-00099,false,,school_conflict,2025-11-27T17:29:00Z
ATT-002853,SES-00390,STU-00104,true,,,2025-11-27T17:29:00Z
ATT-002854,SES-00391,STU-00065,true,,,2025-09-02T17:08:00Z
ATT-002855,SES-00391,STU-00070,true,,,2025-09-02T15:45:00Z
ATT-002856,SES-00391,STU-00075,true,,,2025-09-02T18:23:00Z
ATT-002857,SES-00391,STU-00080,false,,school_conflict,2025-09-02T17:23:00Z
ATT-002858,SES-00391,STU-00085,true,,,2025-09-02T15:30:00Z
ATT-002859,SES-00391,STU-00090,true,,,2025-09-02T16:57:00Z
ATT-002860,SES-00391,STU-00095,false,,unknown,2025-09-02T18:26:00Z
ATT-002861,SES-00391,STU-00100,true,,,2025-09-02T18:56:00Z
ATT-002862,SES-00391,STU-00105,true,,,2025-09-02T18:27:00Z
ATT-002863,SES-00392,STU-00065,true,,,2025-09-03T15:24:00Z
ATT-002864,SES-00392,STU-00070,true,,,2025-09-03T18:49:00Z
ATT-002865,SES-00392,STU-00075,true,,,2025-09-03T15:09:00Z
ATT-002866,SES-00392,STU-00080,true,,,2025-09-03T15:48:00Z
ATT-002867,SES-00392,STU-00085,false,,school_conflict,2025-09-03T18:33:00Z
ATT-002868,SES-00392,STU-00090,true,,,2025-09-03T14:50:00Z
ATT-002869,SES-00392,STU-00095,true,44,,2025-09-03T14:21:00Z
ATT-002870,SES-00392,STU-00100,false,,school_conflict,2025-09-03T16:12:00Z
ATT-002871,SES-00392,STU-00105,false,,no_show,2025-09-03T16:53:00Z
ATT-002872,SES-00393,STU-00065,true,,,2025-09-05T16:37:00Z
ATT-002873,SES-00393,STU-00070,false,,school_conflict,2025-09-05T16:45:00Z
ATT-002874,SES-00393,STU-00075,true,,,2025-09-05T18:10:00Z
ATT-002875,SES-00393,STU-00080,false,,illness,2025-09-05T17:07:00Z
ATT-002876,SES-00393,STU-00085,true,,,2025-09-05T15:35:00Z
ATT-002877,SES-00393,STU-00090,true,,,2025-09-05T16:44:00Z
ATT-002878,SES-00393,STU-00095,false,,illness,2025-09-05T14:42:00Z
ATT-002879,SES-00393,STU-00100,false,,no_show,2025-09-05T14:48:00Z
ATT-002880,SES-00393,STU-00105,true,,,2025-09-05T17:24:00Z
ATT-002881,SES-00394,STU-00065,true,,,2025-09-09T18:44:00Z
ATT-002882,SES-00394,STU-00070,false,,school_conflict,2025-09-09T17:37:00Z
ATT-002883,SES-00394,STU-00075,true,,,2025-09-09T14:31:00Z
ATT-002884,SES-00394,STU-00080,false,,family,2025-09-09T16:05:00Z
ATT-002885,SES-00394,STU-00085,false,,illness,2025-09-09T15:39:00Z
ATT-002886,SES-00394,STU-00090,true,,,2025-09-09T15:07:00Z
ATT-002887,SES-00394,STU-00095,false,,unknown,2025-09-09T15:40:00Z
ATT-002888,SES-00394,STU-00100,true,,,2025-09-09T14:22:00Z
ATT-002889,SES-00394,STU-00105,true,,,2025-09-09T14:39:00Z
ATT-002890,SES-00395,STU-00065,false,,school_conflict,2025-09-10T15:23:00Z
ATT-002891,SES-00395,STU-00070,false,,illness,2025-09-10T16:33:00Z
ATT-002892,SES-00395,STU-00075,false,,illness,2025-09-10T16:57:00Z
ATT-002893,SES-00395,STU-00080,true,,,2025-09-10T16:16:00Z
ATT-002894,SES-00395,STU-00085,true,,,2025-09-10T14:17:00Z
ATT-002895,SES-00395,STU-00090,true,,,2025-09-10T17:42:00Z
ATT-002896,SES-00395,STU-00095,true,,,2025-09-10T15:55:00Z
ATT-002897,SES-00395,STU-00100,false,,family,2025-09-10T18:01:00Z
ATT-002898,SES-00395,STU-00105,true,,,2025-09-10T17:24:00Z
ATT-002899,SES-00396,STU-00065,true,,,2025-09-12T16:44:00Z
ATT-002900,SES-00396,STU-00070,true,,,2025-09-12T18:54:00Z
ATT-002901,SES-00396,STU-00075,false,,school_conflict,2025-09-12T16:08:00Z
ATT-002902,SES-00396,STU-00080,false,,unknown,2025-09-12T18:12:00Z
ATT-002903,SES-00396,STU-00085,true,,,2025-09-12T17:58:00Z
ATT-002904,SES-00396,STU-00090,true,,,2025-09-12T16:55:00Z
ATT-002905,SES-00396,STU-00095,true,,,2025-09-12T15:51:00Z
ATT-002906,SES-00396,STU-00100,true,,,2025-09-12T15:23:00Z
ATT-002907,SES-00396,STU-00105,true,,,2025-09-12T15:49:00Z
ATT-002908,SES-00397,STU-00065,true,41,,2025-09-16T14:47:00Z
ATT-002909,SES-00397,STU-00070,true,,,2025-09-16T18:04:00Z
ATT-002910,SES-00397,STU-00075,true,,,2025-09-16T17:40:00Z
ATT-002911,SES-00397,STU-00080,false,,unknown,2025-09-16T14:39:00Z
ATT-002912,SES-00397,STU-00085,true,,,2025-09-16T15:58:00Z
ATT-002913,SES-00397,STU-00090,true,,,2025-09-16T14:45:00Z
ATT-002914,SES-00397,STU-00095,false,,illness,2025-09-16T15:13:00Z
ATT-002915,SES-00397,STU-00100,true,35,,2025-09-16T18:12:00Z
ATT-002916,SES-00397,STU-00105,true,,,2025-09-16T17:38:00Z
ATT-002917,SES-00398,STU-00065,true,,,2025-09-17T18:55:00Z
ATT-002918,SES-00398,STU-00070,false,,school_conflict,2025-09-17T18:00:00Z
ATT-002919,SES-00398,STU-00075,true,,,2025-09-17T16:09:00Z
ATT-002920,SES-00398,STU-00080,false,,family,2025-09-17T15:44:00Z
ATT-002921,SES-00398,STU-00085,true,,,2025-09-17T15:11:00Z
ATT-002922,SES-00398,STU-00090,false,,unknown,2025-09-17T15:10:00Z
ATT-002923,SES-00398,STU-00095,true,,,2025-09-17T16:38:00Z
ATT-002924,SES-00398,STU-00100,true,,,2025-09-17T15:27:00Z
ATT-002925,SES-00398,STU-00105,true,,,2025-09-17T15:33:00Z
ATT-002926,SES-00399,STU-00065,true,,,2025-09-19T16:18:00Z
ATT-002927,SES-00399,STU-00070,true,31,,2025-09-19T17:22:00Z
ATT-002928,SES-00399,STU-00075,false,,illness,2025-09-19T17:05:00Z
ATT-002929,SES-00399,STU-00080,true,,,2025-09-19T17:00:00Z
ATT-002930,SES-00399,STU-00085,false,,family,2025-09-19T16:37:00Z
ATT-002931,SES-00399,STU-00090,true,,,2025-09-19T18:43:00Z
ATT-002932,SES-00399,STU-00095,false,,family,2025-09-19T16:28:00Z
ATT-002933,SES-00399,STU-00100,true,,,2025-09-19T16:31:00Z
ATT-002934,SES-00399,STU-00105,true,,,2025-09-19T18:47:00Z
ATT-002935,SES-00400,STU-00065,true,,,2025-09-23T14:44:00Z
ATT-002936,SES-00400,STU-00070,true,,,2025-09-23T17:20:00Z
ATT-002937,SES-00400,STU-00075,false,,unknown,2025-09-23T17:29:00Z
ATT-002938,SES-00400,STU-00080,false,,school_conflict,2025-09-23T15:09:00Z
ATT-002939,SES-00400,STU-00085,true,,,2025-09-23T14:55:00Z
ATT-002940,SES-00400,STU-00090,true,,,2025-09-23T15:25:00Z
ATT-002941,SES-00400,STU-00095,true,,,2025-09-23T15:09:00Z
ATT-002942,SES-00400,STU-00100,true,,,2025-09-23T14:01:00Z
ATT-002943,SES-00400,STU-00105,true,,,2025-09-23T16:12:00Z
ATT-002944,SES-00401,STU-00065,true,,,2025-09-24T16:53:00Z
ATT-002945,SES-00401,STU-00070,false,,school_conflict,2025-09-24T15:12:00Z
ATT-002946,SES-00401,STU-00075,true,,,2025-09-24T17:27:00Z
ATT-002947,SES-00401,STU-00080,false,,illness,2025-09-24T14:22:00Z
ATT-002948,SES-00401,STU-00085,false,,illness,2025-09-24T16:45:00Z
ATT-002949,SES-00401,STU-00090,true,,,2025-09-24T15:33:00Z
ATT-002950,SES-00401,STU-00095,false,,unknown,2025-09-24T17:31:00Z
ATT-002951,SES-00401,STU-00100,true,,,2025-09-24T15:21:00Z
ATT-002952,SES-00401,STU-00105,true,,,2025-09-24T17:39:00Z
ATT-002953,SES-00402,STU-00065,true,,,2025-09-26T16:21:00Z
ATT-002954,SES-00402,STU-00070,true,,,2025-09-26T15:23:00Z
ATT-002955,SES-00402,STU-00075,true,,,2025-09-26T14:28:00Z
ATT-002956,SES-00402,STU-00080,true,,,2025-09-26T16:44:00Z
ATT-002957,SES-00402,STU-00085,true,,,2025-09-26T16:40:00Z
ATT-002958,SES-00402,STU-00090,false,,no_show,2025-09-26T16:35:00Z
ATT-002959,SES-00402,STU-00095,true,,,2025-09-26T15:57:00Z
ATT-002960,SES-00402,STU-00100,true,,,2025-09-26T18:58:00Z
ATT-002961,SES-00402,STU-00105,true,,,2025-09-26T15:52:00Z
ATT-002962,SES-00403,STU-00065,true,,,2025-09-30T17:56:00Z
ATT-002963,SES-00403,STU-00070,true,,,2025-09-30T14:24:00Z
ATT-002964,SES-00403,STU-00075,true,,,2025-09-30T14:33:00Z
ATT-002965,SES-00403,STU-00080,true,,,2025-09-30T16:04:00Z
ATT-002966,SES-00403,STU-00085,true,,,2025-09-30T16:45:00Z
ATT-002967,SES-00403,STU-00090,true,,,2025-09-30T14:30:00Z
ATT-002968,SES-00403,STU-00095,true,,,2025-09-30T16:22:00Z
ATT-002969,SES-00403,STU-00100,false,,school_conflict,2025-09-30T15:50:00Z
ATT-002970,SES-00403,STU-00105,true,,,2025-09-30T16:38:00Z
ATT-002971,SES-00404,STU-00065,false,,illness,2025-10-01T15:59:00Z
ATT-002972,SES-00404,STU-00070,true,,,2025-10-01T14:47:00Z
ATT-002973,SES-00404,STU-00075,false,,school_conflict,2025-10-01T18:18:00Z
ATT-002974,SES-00404,STU-00080,true,,,2025-10-01T14:19:00Z
ATT-002975,SES-00404,STU-00085,true,,,2025-10-01T14:01:00Z
ATT-002976,SES-00404,STU-00090,true,,,2025-10-01T14:23:00Z
ATT-002977,SES-00404,STU-00095,true,,,2025-10-01T15:28:00Z
ATT-002978,SES-00404,STU-00100,true,,,2025-10-01T18:28:00Z
ATT-002979,SES-00404,STU-00105,false,,illness,2025-10-01T16:29:00Z
ATT-002980,SES-00407,STU-00065,true,,,2025-10-08T17:18:00Z
ATT-002981,SES-00407,STU-00070,true,,,2025-10-08T14:07:00Z
ATT-002982,SES-00407,STU-00075,true,,,2025-10-08T17:23:00Z
ATT-002983,SES-00407,STU-00080,true,,,2025-10-08T17:35:00Z
ATT-002984,SES-00407,STU-00085,true,,,2025-10-08T16:25:00Z
ATT-002985,SES-00407,STU-00090,true,,,2025-10-08T14:41:00Z
ATT-002986,SES-00407,STU-00095,true,,,2025-10-08T18:02:00Z
ATT-002987,SES-00407,STU-00100,false,,illness,2025-10-08T15:31:00Z
ATT-002988,SES-00407,STU-00105,true,32,,2025-10-08T14:33:00Z
ATT-002989,SES-00408,STU-00065,true,,,2025-10-10T14:48:00Z
ATT-002990,SES-00408,STU-00070,true,,,2025-10-10T14:26:00Z
ATT-002991,SES-00408,STU-00075,true,36,,2025-10-10T18:03:00Z
ATT-002992,SES-00408,STU-00080,true,,,2025-10-10T17:44:00Z
ATT-002993,SES-00408,STU-00085,true,,,2025-10-10T15:28:00Z
ATT-002994,SES-00408,STU-00090,true,,,2025-10-10T16:14:00Z
ATT-002995,SES-00408,STU-00095,true,,,2025-10-10T18:01:00Z
ATT-002996,SES-00408,STU-00100,true,,,2025-10-10T15:30:00Z
ATT-002997,SES-00408,STU-00105,true,,,2025-10-10T15:09:00Z
ATT-002998,SES-00409,STU-00065,false,,illness,2025-10-14T16:20:00Z
ATT-002999,SES-00409,STU-00070,true,,,2025-10-14T17:01:00Z
ATT-003000,SES-00409,STU-00075,true,,,2025-10-14T14:42:00Z
ATT-003001,SES-00409,STU-00080,true,,,2025-10-14T14:02:00Z
ATT-003002,SES-00409,STU-00085,true,33,,2025-10-14T18:31:00Z
ATT-003003,SES-00409,STU-00090,true,,,2025-10-14T18:56:00Z
ATT-003004,SES-00409,STU-00095,true,,,2025-10-14T15:25:00Z
ATT-003005,SES-00409,STU-00100,true,,,2025-10-14T18:18:00Z
ATT-003006,SES-00409,STU-00105,true,,,2025-10-14T17:10:00Z
ATT-003007,SES-00410,STU-00065,false,,unknown,2025-10-15T16:21:00Z
ATT-003008,SES-00410,STU-00070,true,,,2025-10-15T17:07:00Z
ATT-003009,SES-00410,STU-00075,true,,,2025-10-15T17:38:00Z
ATT-003010,SES-00410,STU-00080,false,,family,2025-10-15T17:13:00Z
ATT-003011,SES-00410,STU-00085,true,42,,2025-10-15T14:47:00Z
ATT-003012,SES-00410,STU-00090,false,,illness,2025-10-15T18:47:00Z
ATT-003013,SES-00410,STU-00095,true,,,2025-10-15T15:56:00Z
ATT-003014,SES-00410,STU-00100,true,,,2025-10-15T17:03:00Z
ATT-003015,SES-00410,STU-00105,true,,,2025-10-15T16:13:00Z
ATT-003016,SES-00411,STU-00065,true,,,2025-10-17T15:53:00Z
ATT-003017,SES-00411,STU-00070,true,,,2025-10-17T17:46:00Z
ATT-003018,SES-00411,STU-00075,true,,,2025-10-17T17:38:00Z
ATT-003019,SES-00411,STU-00080,true,,,2025-10-17T17:35:00Z
ATT-003020,SES-00411,STU-00085,true,,,2025-10-17T15:04:00Z
ATT-003021,SES-00411,STU-00090,true,,,2025-10-17T14:39:00Z
ATT-003022,SES-00411,STU-00095,true,34,,2025-10-17T14:19:00Z
ATT-003023,SES-00411,STU-00100,true,,,2025-10-17T15:06:00Z
ATT-003024,SES-00411,STU-00105,true,,,2025-10-17T15:27:00Z
ATT-003025,SES-00412,STU-00065,true,,,2025-10-21T16:26:00Z
ATT-003026,SES-00412,STU-00070,true,,,2025-10-21T14:57:00Z
ATT-003027,SES-00412,STU-00075,true,,,2025-10-21T17:59:00Z
ATT-003028,SES-00412,STU-00080,false,,no_show,2025-10-21T15:07:00Z
ATT-003029,SES-00412,STU-00085,false,,unknown,2025-10-21T14:56:00Z
ATT-003030,SES-00412,STU-00090,false,,school_conflict,2025-10-21T14:07:00Z
ATT-003031,SES-00412,STU-00095,true,,,2025-10-21T18:44:00Z
ATT-003032,SES-00412,STU-00100,true,,,2025-10-21T18:30:00Z
ATT-003033,SES-00412,STU-00105,true,,,2025-10-21T15:04:00Z
ATT-003034,SES-00413,STU-00065,true,,,2025-10-22T14:31:00Z
ATT-003035,SES-00413,STU-00070,true,,,2025-10-22T15:00:00Z
ATT-003036,SES-00413,STU-00075,true,31,,2025-10-22T16:45:00Z
ATT-003037,SES-00413,STU-00080,true,,,2025-10-22T16:01:00Z
ATT-003038,SES-00413,STU-00085,true,,,2025-10-22T15:15:00Z
ATT-003039,SES-00413,STU-00090,true,,,2025-10-22T14:55:00Z
ATT-003040,SES-00413,STU-00095,true,,,2025-10-22T18:44:00Z
ATT-003041,SES-00413,STU-00100,true,,,2025-10-22T14:18:00Z
ATT-003042,SES-00413,STU-00105,true,,,2025-10-22T17:52:00Z
ATT-003043,SES-00414,STU-00065,true,,,2025-10-24T16:46:00Z
ATT-003044,SES-00414,STU-00070,true,,,2025-10-24T16:26:00Z
ATT-003045,SES-00414,STU-00075,true,,,2025-10-24T17:22:00Z
ATT-003046,SES-00414,STU-00080,true,,,2025-10-24T17:43:00Z
ATT-003047,SES-00414,STU-00085,true,,,2025-10-24T17:05:00Z
ATT-003048,SES-00414,STU-00090,true,,,2025-10-24T16:59:00Z
ATT-003049,SES-00414,STU-00095,true,,,2025-10-24T18:55:00Z
ATT-003050,SES-00414,STU-00100,true,,,2025-10-24T16:32:00Z
ATT-003051,SES-00414,STU-00105,false,,no_show,2025-10-24T15:38:00Z
ATT-003052,SES-00415,STU-00065,true,,,2025-10-28T15:54:00Z
ATT-003053,SES-00415,STU-00070,true,,,2025-10-28T15:52:00Z
ATT-003054,SES-00415,STU-00075,true,,,2025-10-28T17:56:00Z
ATT-003055,SES-00415,STU-00080,true,,,2025-10-28T14:33:00Z
ATT-003056,SES-00415,STU-00085,true,44,,2025-10-28T18:42:00Z
ATT-003057,SES-00415,STU-00090,false,,unknown,2025-10-28T16:31:00Z
ATT-003058,SES-00415,STU-00095,true,,,2025-10-28T16:35:00Z
ATT-003059,SES-00415,STU-00100,false,,school_conflict,2025-10-28T17:14:00Z
ATT-003060,SES-00415,STU-00105,true,,,2025-10-28T14:14:00Z
ATT-003061,SES-00416,STU-00065,true,,,2025-10-29T15:45:00Z
ATT-003062,SES-00416,STU-00070,true,,,2025-10-29T18:51:00Z
ATT-003063,SES-00416,STU-00075,true,,,2025-10-29T14:44:00Z
ATT-003064,SES-00416,STU-00080,false,,illness,2025-10-29T17:19:00Z
ATT-003065,SES-00416,STU-00085,false,,school_conflict,2025-10-29T14:52:00Z
ATT-003066,SES-00416,STU-00090,true,34,,2025-10-29T14:13:00Z
ATT-003067,SES-00416,STU-00095,true,,,2025-10-29T14:04:00Z
ATT-003068,SES-00416,STU-00100,true,,,2025-10-29T17:22:00Z
ATT-003069,SES-00416,STU-00105,true,39,,2025-10-29T16:21:00Z
ATT-003070,SES-00417,STU-00065,true,,,2025-10-31T17:39:00Z
ATT-003071,SES-00417,STU-00070,true,,,2025-10-31T18:37:00Z
ATT-003072,SES-00417,STU-00075,true,,,2025-10-31T14:31:00Z
ATT-003073,SES-00417,STU-00080,true,41,,2025-10-31T17:55:00Z
ATT-003074,SES-00417,STU-00085,true,,,2025-10-31T14:27:00Z
ATT-003075,SES-00417,STU-00090,true,,,2025-10-31T16:43:00Z
ATT-003076,SES-00417,STU-00095,true,30,,2025-10-31T17:48:00Z
ATT-003077,SES-00417,STU-00100,false,,school_conflict,2025-10-31T18:05:00Z
ATT-003078,SES-00417,STU-00105,true,,,2025-10-31T14:29:00Z
ATT-003079,SES-00418,STU-00065,true,,,2025-11-04T18:30:00Z
ATT-003080,SES-00418,STU-00070,true,,,2025-11-04T17:13:00Z
ATT-003081,SES-00418,STU-00075,true,,,2025-11-04T15:37:00Z
ATT-003082,SES-00418,STU-00080,false,,unknown,2025-11-04T18:28:00Z
ATT-003083,SES-00418,STU-00085,true,,,2025-11-04T16:44:00Z
ATT-003084,SES-00418,STU-00090,true,,,2025-11-04T18:41:00Z
ATT-003085,SES-00418,STU-00095,true,,,2025-11-04T14:44:00Z
ATT-003086,SES-00418,STU-00100,true,,,2025-11-04T17:18:00Z
ATT-003087,SES-00418,STU-00105,false,,illness,2025-11-04T18:21:00Z
ATT-003088,SES-00419,STU-00065,true,,,2025-11-05T14:12:00Z
ATT-003089,SES-00419,STU-00070,true,,,2025-11-05T17:49:00Z
ATT-003090,SES-00419,STU-00075,true,,,2025-11-05T15:49:00Z
ATT-003091,SES-00419,STU-00080,true,,,2025-11-05T15:21:00Z
ATT-003092,SES-00419,STU-00085,false,,family,2025-11-05T17:14:00Z
ATT-003093,SES-00419,STU-00090,true,,,2025-11-05T14:06:00Z
ATT-003094,SES-00419,STU-00095,true,,,2025-11-05T18:36:00Z
ATT-003095,SES-00419,STU-00100,true,,,2025-11-05T17:01:00Z
ATT-003096,SES-00419,STU-00105,true,,,2025-11-05T16:40:00Z
ATT-003097,SES-00420,STU-00065,true,,,2025-11-07T14:17:00Z
ATT-003098,SES-00420,STU-00070,true,,,2025-11-07T14:04:00Z
ATT-003099,SES-00420,STU-00075,true,,,2025-11-07T16:30:00Z
ATT-003100,SES-00420,STU-00080,true,,,2025-11-07T15:07:00Z
ATT-003101,SES-00420,STU-00085,true,,,2025-11-07T15:42:00Z
ATT-003102,SES-00420,STU-00090,true,,,2025-11-07T18:23:00Z
ATT-003103,SES-00420,STU-00095,true,,,2025-11-07T15:37:00Z
ATT-003104,SES-00420,STU-00100,true,,,2025-11-07T15:12:00Z
ATT-003105,SES-00420,STU-00105,true,,,2025-11-07T17:00:00Z
ATT-003106,SES-00421,STU-00065,true,,,2025-11-11T14:07:00Z
ATT-003107,SES-00421,STU-00070,true,,,2025-11-11T18:00:00Z
ATT-003108,SES-00421,STU-00075,true,,,2025-11-11T16:58:00Z
ATT-003109,SES-00421,STU-00080,true,,,2025-11-11T15:12:00Z
ATT-003110,SES-00421,STU-00085,true,,,2025-11-11T15:06:00Z
ATT-003111,SES-00421,STU-00090,true,,,2025-11-11T18:54:00Z
ATT-003112,SES-00421,STU-00095,true,,,2025-11-11T15:54:00Z
ATT-003113,SES-00421,STU-00100,true,,,2025-11-11T14:30:00Z
ATT-003114,SES-00421,STU-00105,true,,,2025-11-11T18:10:00Z
ATT-003115,SES-00422,STU-00065,true,,,2025-11-12T16:14:00Z
ATT-003116,SES-00422,STU-00070,false,,school_conflict,2025-11-12T17:02:00Z
ATT-003117,SES-00422,STU-00075,false,,unknown,2025-11-12T14:12:00Z
ATT-003118,SES-00422,STU-00080,true,,,2025-11-12T17:28:00Z
ATT-003119,SES-00422,STU-00085,true,,,2025-11-12T15:30:00Z
ATT-003120,SES-00422,STU-00090,true,,,2025-11-12T17:41:00Z
ATT-003121,SES-00422,STU-00095,false,,family,2025-11-12T15:38:00Z
ATT-003122,SES-00422,STU-00100,true,,,2025-11-12T14:27:00Z
ATT-003123,SES-00422,STU-00105,true,,,2025-11-12T18:05:00Z
ATT-003124,SES-00423,STU-00065,true,,,2025-11-14T14:23:00Z
ATT-003125,SES-00423,STU-00070,true,,,2025-11-14T16:19:00Z
ATT-003126,SES-00423,STU-00075,false,,family,2025-11-14T16:54:00Z
ATT-003127,SES-00423,STU-00080,false,,school_conflict,2025-11-14T17:48:00Z
ATT-003128,SES-00423,STU-00085,false,,family,2025-11-14T18:59:00Z
ATT-003129,SES-00423,STU-00090,true,,,2025-11-14T18:08:00Z
ATT-003130,SES-00423,STU-00095,true,,,2025-11-14T17:21:00Z
ATT-003131,SES-00423,STU-00100,true,,,2025-11-14T14:16:00Z
ATT-003132,SES-00423,STU-00105,true,,,2025-11-14T16:38:00Z
ATT-003133,SES-00424,STU-00065,true,,,2025-11-18T16:58:00Z
ATT-003134,SES-00424,STU-00070,true,,,2025-11-18T16:12:00Z
ATT-003135,SES-00424,STU-00075,false,,school_conflict,2025-11-18T17:17:00Z
ATT-003136,SES-00424,STU-00080,true,,,2025-11-18T15:49:00Z
ATT-003137,SES-00424,STU-00085,true,,,2025-11-18T16:12:00Z
ATT-003138,SES-00424,STU-00090,true,,,2025-11-18T18:35:00Z
ATT-003139,SES-00424,STU-00095,true,,,2025-11-18T18:33:00Z
ATT-003140,SES-00424,STU-00100,true,,,2025-11-18T16:40:00Z
ATT-003141,SES-00424,STU-00105,true,,,2025-11-18T16:11:00Z
ATT-003142,SES-00425,STU-00065,false,,unknown,2025-11-19T16:15:00Z
ATT-003143,SES-00425,STU-00070,true,,,2025-11-19T18:29:00Z
ATT-003144,SES-00425,STU-00075,true,,,2025-11-19T18:04:00Z
ATT-003145,SES-00425,STU-00080,true,,,2025-11-19T18:25:00Z
ATT-003146,SES-00425,STU-00085,true,,,2025-11-19T16:59:00Z
ATT-003147,SES-00425,STU-00090,true,,,2025-11-19T18:37:00Z
ATT-003148,SES-00425,STU-00095,false,,school_conflict,2025-11-19T17:12:00Z
ATT-003149,SES-00425,STU-00100,true,,,2025-11-19T17:38:00Z
ATT-003150,SES-00425,STU-00105,true,,,2025-11-19T16:07:00Z
ATT-003151,SES-00426,STU-00065,true,,,2025-11-21T14:02:00Z
ATT-003152,SES-00426,STU-00070,false,,illness,2025-11-21T18:34:00Z
ATT-003153,SES-00426,STU-00075,true,,,2025-11-21T17:13:00Z
ATT-003154,SES-00426,STU-00080,true,,,2025-11-21T14:00:00Z
ATT-003155,SES-00426,STU-00085,true,,,2025-11-21T16:18:00Z
ATT-003156,SES-00426,STU-00090,true,,,2025-11-21T18:38:00Z
ATT-003157,SES-00426,STU-00095,true,,,2025-11-21T18:22:00Z
ATT-003158,SES-00426,STU-00100,false,,illness,2025-11-21T18:37:00Z
ATT-003159,SES-00426,STU-00105,true,,,2025-11-21T17:13:00Z
ATT-003160,SES-00427,STU-00065,true,32,,2025-11-25T14:36:00Z
ATT-003161,SES-00427,STU-00070,true,,,2025-11-25T16:51:00Z
ATT-003162,SES-00427,STU-00075,true,,,2025-11-25T17:14:00Z
ATT-003163,SES-00427,STU-00080,true,,,2025-11-25T15:58:00Z
ATT-003164,SES-00427,STU-00085,true,,,2025-11-25T15:42:00Z
ATT-003165,SES-00427,STU-00090,true,,,2025-11-25T18:54:00Z
ATT-003166,SES-00427,STU-00095,true,,,2025-11-25T14:54:00Z
ATT-003167,SES-00427,STU-00100,true,,,2025-11-25T17:09:00Z
ATT-003168,SES-00427,STU-00105,false,,school_conflict,2025-11-25T18:48:00Z
ATT-003169,SES-00428,STU-00065,true,,,2025-11-26T16:13:00Z
ATT-003170,SES-00428,STU-00070,false,,school_conflict,2025-11-26T18:21:00Z
ATT-003171,SES-00428,STU-00075,true,,,2025-11-26T18:24:00Z
ATT-003172,SES-00428,STU-00080,false,,family,2025-11-26T16:09:00Z
ATT-003173,SES-00428,STU-00085,true,,,2025-11-26T17:10:00Z
ATT-003174,SES-00428,STU-00090,true,,,2025-11-26T16:22:00Z
ATT-003175,SES-00428,STU-00095,true,,,2025-11-26T16:57:00Z
ATT-003176,SES-00428,STU-00100,true,,,2025-11-26T17:01:00Z
ATT-003177,SES-00428,STU-00105,true,,,2025-11-26T14:28:00Z
ATT-003178,SES-00429,STU-00065,true,39,,2025-11-28T16:23:00Z
ATT-003179,SES-00429,STU-00070,true,,,2025-11-28T17:58:00Z
ATT-003180,SES-00429,STU-00075,true,,,2025-11-28T16:14:00Z
ATT-003181,SES-00429,STU-00080,true,,,2025-11-28T16:30:00Z
ATT-003182,SES-00429,STU-00085,true,,,2025-11-28T18:41:00Z
ATT-003183,SES-00429,STU-00090,true,,,2025-11-28T15:54:00Z
ATT-003184,SES-00429,STU-00095,true,,,2025-11-28T14:48:00Z
ATT-003185,SES-00429,STU-00100,true,,,2025-11-28T15:05:00Z
ATT-003186,SES-00429,STU-00105,true,,,2025-11-28T16:05:00Z
ATT-003187,SES-00430,STU-00106,true,,,2025-09-02T15:18:00Z
ATT-003188,SES-00430,STU-00109,true,,,2025-09-02T15:14:00Z
ATT-003189,SES-00430,STU-00112,true,,,2025-09-02T14:14:00Z
ATT-003190,SES-00430,STU-00115,false,,family,2025-09-02T18:41:00Z
ATT-003191,SES-00430,STU-00118,true,,,2025-09-02T15:18:00Z
ATT-003192,SES-00430,STU-00121,true,,,2025-09-02T15:15:00Z
ATT-003193,SES-00430,STU-00124,true,,,2025-09-02T18:45:00Z
ATT-003194,SES-00430,STU-00127,true,,,2025-09-02T16:52:00Z
ATT-003195,SES-00430,STU-00130,true,,,2025-09-02T17:35:00Z
ATT-003196,SES-00430,STU-00133,true,,,2025-09-02T15:34:00Z
ATT-003197,SES-00431,STU-00106,false,,illness,2025-09-03T14:20:00Z
ATT-003198,SES-00431,STU-00109,false,,unknown,2025-09-03T18:52:00Z
ATT-003199,SES-00431,STU-00112,true,,,2025-09-03T14:25:00Z
ATT-003200,SES-00431,STU-00115,true,32,,2025-09-03T15:15:00Z
ATT-003201,SES-00431,STU-00118,false,,unknown,2025-09-03T18:50:00Z
ATT-003202,SES-00431,STU-00121,true,,,2025-09-03T15:45:00Z
ATT-003203,SES-00431,STU-00124,true,,,2025-09-03T18:48:00Z
ATT-003204,SES-00431,STU-00127,true,,,2025-09-03T15:00:00Z
ATT-003205,SES-00431,STU-00130,true,,,2025-09-03T17:43:00Z
ATT-003206,SES-00431,STU-00133,true,,,2025-09-03T17:56:00Z
ATT-003207,SES-00432,STU-00106,true,,,2025-09-05T18:22:00Z
ATT-003208,SES-00432,STU-00109,true,,,2025-09-05T17:48:00Z
ATT-003209,SES-00432,STU-00112,true,,,2025-09-05T15:32:00Z
ATT-003210,SES-00432,STU-00115,false,,illness,2025-09-05T14:13:00Z
ATT-003211,SES-00432,STU-00118,true,,,2025-09-05T16:07:00Z
ATT-003212,SES-00432,STU-00121,true,,,2025-09-05T17:19:00Z
ATT-003213,SES-00432,STU-00124,true,,,2025-09-05T15:48:00Z
ATT-003214,SES-00432,STU-00127,true,,,2025-09-05T15:28:00Z
ATT-003215,SES-00432,STU-00130,false,,unknown,2025-09-05T15:41:00Z
ATT-003216,SES-00432,STU-00133,true,,,2025-09-05T15:01:00Z
ATT-003217,SES-00433,STU-00106,false,,no_show,2025-09-09T16:31:00Z
ATT-003218,SES-00433,STU-00109,true,,,2025-09-09T16:56:00Z
ATT-003219,SES-00433,STU-00112,true,,,2025-09-09T14:15:00Z
ATT-003220,SES-00433,STU-00115,false,,unknown,2025-09-09T14:18:00Z
ATT-003221,SES-00433,STU-00118,true,,,2025-09-09T17:56:00Z
ATT-003222,SES-00433,STU-00121,true,,,2025-09-09T18:18:00Z
ATT-003223,SES-00433,STU-00124,true,,,2025-09-09T17:02:00Z
ATT-003224,SES-00433,STU-00127,false,,unknown,2025-09-09T17:04:00Z
ATT-003225,SES-00433,STU-00130,true,,,2025-09-09T18:10:00Z
ATT-003226,SES-00433,STU-00133,true,,,2025-09-09T18:17:00Z
ATT-003227,SES-00434,STU-00106,true,,,2025-09-10T18:23:00Z
ATT-003228,SES-00434,STU-00109,true,,,2025-09-10T18:29:00Z
ATT-003229,SES-00434,STU-00112,true,,,2025-09-10T16:03:00Z
ATT-003230,SES-00434,STU-00115,false,,family,2025-09-10T17:48:00Z
ATT-003231,SES-00434,STU-00118,true,,,2025-09-10T14:42:00Z
ATT-003232,SES-00434,STU-00121,true,,,2025-09-10T18:32:00Z
ATT-003233,SES-00434,STU-00124,true,,,2025-09-10T17:21:00Z
ATT-003234,SES-00434,STU-00127,true,,,2025-09-10T16:09:00Z
ATT-003235,SES-00434,STU-00130,true,,,2025-09-10T14:39:00Z
ATT-003236,SES-00434,STU-00133,true,,,2025-09-10T14:02:00Z
ATT-003237,SES-00435,STU-00106,true,,,2025-09-12T15:26:00Z
ATT-003238,SES-00435,STU-00109,true,,,2025-09-12T15:27:00Z
ATT-003239,SES-00435,STU-00112,true,,,2025-09-12T15:00:00Z
ATT-003240,SES-00435,STU-00115,false,,illness,2025-09-12T14:16:00Z
ATT-003241,SES-00435,STU-00118,true,,,2025-09-12T15:29:00Z
ATT-003242,SES-00435,STU-00121,false,,illness,2025-09-12T17:07:00Z
ATT-003243,SES-00435,STU-00124,true,,,2025-09-12T16:39:00Z
ATT-003244,SES-00435,STU-00127,true,,,2025-09-12T17:16:00Z
ATT-003245,SES-00435,STU-00130,true,,,2025-09-12T16:40:00Z
ATT-003246,SES-00435,STU-00133,true,,,2025-09-12T18:33:00Z
ATT-003247,SES-00436,STU-00106,true,,,2025-09-16T15:14:00Z
ATT-003248,SES-00436,STU-00109,true,,,2025-09-16T16:21:00Z
ATT-003249,SES-00436,STU-00112,false,,school_conflict,2025-09-16T17:03:00Z
ATT-003250,SES-00436,STU-00115,false,,school_conflict,2025-09-16T16:06:00Z
ATT-003251,SES-00436,STU-00118,false,,family,2025-09-16T15:56:00Z
ATT-003252,SES-00436,STU-00121,false,,school_conflict,2025-09-16T15:59:00Z
ATT-003253,SES-00436,STU-00124,true,,,2025-09-16T16:26:00Z
ATT-003254,SES-00436,STU-00127,true,,,2025-09-16T16:19:00Z
ATT-003255,SES-00436,STU-00130,true,,,2025-09-16T17:59:00Z
ATT-003256,SES-00436,STU-00133,true,,,2025-09-16T14:27:00Z
ATT-003257,SES-00438,STU-00106,true,,,2025-09-19T17:30:00Z
ATT-003258,SES-00438,STU-00109,false,,school_conflict,2025-09-19T16:07:00Z
ATT-003259,SES-00438,STU-00112,true,,,2025-09-19T17:59:00Z
ATT-003260,SES-00438,STU-00115,false,,family,2025-09-19T17:27:00Z
ATT-003261,SES-00438,STU-00118,false,,illness,2025-09-19T18:51:00Z
ATT-003262,SES-00438,STU-00121,true,,,2025-09-19T16:37:00Z
ATT-003263,SES-00438,STU-00124,true,,,2025-09-19T14:05:00Z
ATT-003264,SES-00438,STU-00127,true,38,,2025-09-19T17:31:00Z
ATT-003265,SES-00438,STU-00130,false,,no_show,2025-09-19T15:03:00Z
ATT-003266,SES-00438,STU-00133,true,,,2025-09-19T15:18:00Z
ATT-003267,SES-00439,STU-00106,false,,school_conflict,2025-09-23T16:42:00Z
ATT-003268,SES-00439,STU-00109,true,44,,2025-09-23T16:21:00Z
ATT-003269,SES-00439,STU-00112,true,,,2025-09-23T14:02:00Z
ATT-003270,SES-00439,STU-00115,true,,,2025-09-23T15:50:00Z
ATT-003271,SES-00439,STU-00118,true,,,2025-09-23T17:06:00Z
ATT-003272,SES-00439,STU-00121,true,,,2025-09-23T18:04:00Z
ATT-003273,SES-00439,STU-00124,false,,illness,2025-09-23T14:29:00Z
ATT-003274,SES-00439,STU-00127,true,,,2025-09-23T18:06:00Z
ATT-003275,SES-00439,STU-00130,true,,,2025-09-23T16:02:00Z
ATT-003276,SES-00439,STU-00133,true,,,2025-09-23T15:44:00Z
ATT-003277,SES-00440,STU-00106,true,,,2025-09-24T18:19:00Z
ATT-003278,SES-00440,STU-00109,true,,,2025-09-24T17:26:00Z
ATT-003279,SES-00440,STU-00112,true,,,2025-09-24T16:42:00Z
ATT-003280,SES-00440,STU-00115,true,,,2025-09-24T15:45:00Z
ATT-003281,SES-00440,STU-00118,true,39,,2025-09-24T14:09:00Z
ATT-003282,SES-00440,STU-00121,true,,,2025-09-24T15:46:00Z
ATT-003283,SES-00440,STU-00124,true,,,2025-09-24T16:37:00Z
ATT-003284,SES-00440,STU-00127,true,,,2025-09-24T17:07:00Z
ATT-003285,SES-00440,STU-00130,false,,family,2025-09-24T18:46:00Z
ATT-003286,SES-00440,STU-00133,true,,,2025-09-24T15:57:00Z
ATT-003287,SES-00441,STU-00106,true,32,,2025-09-26T17:12:00Z
ATT-003288,SES-00441,STU-00109,true,43,,2025-09-26T16:24:00Z
ATT-003289,SES-00441,STU-00112,true,,,2025-09-26T17:50:00Z
ATT-003290,SES-00441,STU-00115,true,,,2025-09-26T15:52:00Z
ATT-003291,SES-00441,STU-00118,true,,,2025-09-26T17:42:00Z
ATT-003292,SES-00441,STU-00121,true,,,2025-09-26T18:55:00Z
ATT-003293,SES-00441,STU-00124,true,42,,2025-09-26T15:16:00Z
ATT-003294,SES-00441,STU-00127,true,,,2025-09-26T16:09:00Z
ATT-003295,SES-00441,STU-00130,true,,,2025-09-26T18:38:00Z
ATT-003296,SES-00441,STU-00133,true,,,2025-09-26T15:46:00Z
ATT-003297,SES-00442,STU-00106,true,30,,2025-09-30T16:45:00Z
ATT-003298,SES-00442,STU-00109,true,,,2025-09-30T16:00:00Z
ATT-003299,SES-00442,STU-00112,true,,,2025-09-30T18:12:00Z
ATT-003300,SES-00442,STU-00115,true,,,2025-09-30T18:17:00Z
ATT-003301,SES-00442,STU-00118,true,,,2025-09-30T18:39:00Z
ATT-003302,SES-00442,STU-00121,false,,illness,2025-09-30T14:29:00Z
ATT-003303,SES-00442,STU-00124,false,,family,2025-09-30T16:34:00Z
ATT-003304,SES-00442,STU-00127,false,,school_conflict,2025-09-30T16:21:00Z
ATT-003305,SES-00442,STU-00130,true,,,2025-09-30T14:30:00Z
ATT-003306,SES-00442,STU-00133,false,,school_conflict,2025-09-30T17:58:00Z
ATT-003307,SES-00443,STU-00106,false,,family,2025-10-01T16:53:00Z
ATT-003308,SES-00443,STU-00109,true,,,2025-10-01T16:57:00Z
ATT-003309,SES-00443,STU-00112,true,33,,2025-10-01T18:16:00Z
ATT-003310,SES-00443,STU-00115,true,33,,2025-10-01T14:14:00Z
ATT-003311,SES-00443,STU-00118,false,,school_conflict,2025-10-01T17:00:00Z
ATT-003312,SES-00443,STU-00121,true,,,2025-10-01T16:34:00Z
ATT-003313,SES-00443,STU-00124,true,,,2025-10-01T17:01:00Z
ATT-003314,SES-00443,STU-00127,true,,,2025-10-01T16:49:00Z
ATT-003315,SES-00443,STU-00130,true,39,,2025-10-01T15:34:00Z
ATT-003316,SES-00443,STU-00133,true,,,2025-10-01T14:54:00Z
ATT-003317,SES-00444,STU-00106,true,,,2025-10-03T18:46:00Z
ATT-003318,SES-00444,STU-00109,true,,,2025-10-03T15:00:00Z
ATT-003319,SES-00444,STU-00112,true,40,,2025-10-03T15:30:00Z
ATT-003320,SES-00444,STU-00115,true,,,2025-10-03T16:10:00Z
ATT-003321,SES-00444,STU-00118,true,,,2025-10-03T17:10:00Z
ATT-003322,SES-00444,STU-00121,false,,illness,2025-10-03T15:23:00Z
ATT-003323,SES-00444,STU-00124,true,,,2025-10-03T16:34:00Z
ATT-003324,SES-00444,STU-00127,true,,,2025-10-03T14:09:00Z
ATT-003325,SES-00444,STU-00130,false,,unknown,2025-10-03T14:15:00Z
ATT-003326,SES-00444,STU-00133,true,,,2025-10-03T16:11:00Z
ATT-003327,SES-00446,STU-00106,true,,,2025-10-08T14:32:00Z
ATT-003328,SES-00446,STU-00109,true,,,2025-10-08T17:32:00Z
ATT-003329,SES-00446,STU-00112,true,,,2025-10-08T16:50:00Z
ATT-003330,SES-00446,STU-00115,true,,,2025-10-08T16:11:00Z
ATT-003331,SES-00446,STU-00118,true,,,2025-10-08T16:46:00Z
ATT-003332,SES-00446,STU-00121,true,,,2025-10-08T14:04:00Z
ATT-003333,SES-00446,STU-00124,true,,,2025-10-08T18:52:00Z
ATT-003334,SES-00446,STU-00127,true,,,2025-10-08T16:01:00Z
ATT-003335,SES-00446,STU-00130,true,,,2025-10-08T17:06:00Z
ATT-003336,SES-00446,STU-00133,true,,,2025-10-08T17:13:00Z
ATT-003337,SES-00447,STU-00106,true,,,2025-10-10T17:49:00Z
ATT-003338,SES-00447,STU-00109,true,,,2025-10-10T15:53:00Z
ATT-003339,SES-00447,STU-00112,true,,,2025-10-10T17:35:00Z
ATT-003340,SES-00447,STU-00115,false,,school_conflict,2025-10-10T16:12:00Z
ATT-003341,SES-00447,STU-00118,false,,illness,2025-10-10T15:00:00Z
ATT-003342,SES-00447,STU-00121,true,40,,2025-10-10T16:41:00Z
ATT-003343,SES-00447,STU-00124,true,,,2025-10-10T14:20:00Z
ATT-003344,SES-00447,STU-00127,false,,illness,2025-10-10T14:38:00Z
ATT-003345,SES-00447,STU-00130,true,,,2025-10-10T18:08:00Z
ATT-003346,SES-00447,STU-00133,true,,,2025-10-10T18:46:00Z
ATT-003347,SES-00448,STU-00106,true,,,2025-10-14T14:50:00Z
ATT-003348,SES-00448,STU-00109,false,,school_conflict,2025-10-14T16:34:00Z
ATT-003349,SES-00448,STU-00112,false,,illness,2025-10-14T14:03:00Z
ATT-003350,SES-00448,STU-00115,false,,family,2025-10-14T15:44:00Z
ATT-003351,SES-00448,STU-00118,true,,,2025-10-14T15:17:00Z
ATT-003352,SES-00448,STU-00121,true,,,2025-10-14T14:33:00Z
ATT-003353,SES-00448,STU-00124,true,,,2025-10-14T16:26:00Z
ATT-003354,SES-00448,STU-00127,true,,,2025-10-14T16:11:00Z
ATT-003355,SES-00448,STU-00130,true,,,2025-10-14T18:38:00Z
ATT-003356,SES-00448,STU-00133,true,,,2025-10-14T14:06:00Z
ATT-003357,SES-00451,STU-00106,false,,unknown,2025-10-21T16:56:00Z
ATT-003358,SES-00451,STU-00109,true,,,2025-10-21T18:51:00Z
ATT-003359,SES-00451,STU-00112,true,34,,2025-10-21T18:48:00Z
ATT-003360,SES-00451,STU-00115,true,,,2025-10-21T18:59:00Z
ATT-003361,SES-00451,STU-00118,true,,,2025-10-21T16:58:00Z
ATT-003362,SES-00451,STU-00121,true,,,2025-10-21T17:48:00Z
ATT-003363,SES-00451,STU-00124,false,,school_conflict,2025-10-21T17:05:00Z
ATT-003364,SES-00451,STU-00127,true,,,2025-10-21T14:08:00Z
ATT-003365,SES-00451,STU-00130,true,,,2025-10-21T18:00:00Z
ATT-003366,SES-00451,STU-00133,true,,,2025-10-21T17:51:00Z
ATT-003367,SES-00452,STU-00106,true,,,2025-10-22T16:10:00Z
ATT-003368,SES-00452,STU-00109,true,,,2025-10-22T15:05:00Z
ATT-003369,SES-00452,STU-00112,true,,,2025-10-22T18:44:00Z
ATT-003370,SES-00452,STU-00115,false,,family,2025-10-22T14:30:00Z
ATT-003371,SES-00452,STU-00118,true,,,2025-10-22T15:47:00Z
ATT-003372,SES-00452,STU-00121,false,,unknown,2025-10-22T18:15:00Z
ATT-003373,SES-00452,STU-00124,false,,illness,2025-10-22T18:56:00Z
ATT-003374,SES-00452,STU-00127,true,,,2025-10-22T15:31:00Z
ATT-003375,SES-00452,STU-00130,true,33,,2025-10-22T18:42:00Z
ATT-003376,SES-00452,STU-00133,true,,,2025-10-22T16:22:00Z
ATT-003377,SES-00453,STU-00106,true,,,2025-10-24T17:58:00Z
ATT-003378,SES-00453,STU-00109,true,,,2025-10-24T18:54:00Z
ATT-003379,SES-00453,STU-00112,false,,unknown,2025-10-24T16:41:00Z
ATT-003380,SES-00453,STU-00115,true,31,,2025-10-24T17:37:00Z
ATT-003381,SES-00453,STU-00118,true,,,2025-10-24T15:36:00Z
ATT-003382,SES-00453,STU-00121,true,,,2025-10-24T14:42:00Z
ATT-003383,SES-00453,STU-00124,true,,,2025-10-24T15:15:00Z
ATT-003384,SES-00453,STU-00127,true,,,2025-10-24T17:08:00Z
ATT-003385,SES-00453,STU-00130,false,,illness,2025-10-24T14:36:00Z
ATT-003386,SES-00453,STU-00133,true,,,2025-10-24T14:53:00Z
ATT-003387,SES-00454,STU-00106,true,,,2025-10-28T16:13:00Z
ATT-003388,SES-00454,STU-00109,true,,,2025-10-28T14:55:00Z
ATT-003389,SES-00454,STU-00112,true,,,2025-10-28T17:42:00Z
ATT-003390,SES-00454,STU-00115,true,,,2025-10-28T15:54:00Z
ATT-003391,SES-00454,STU-00118,true,,,2025-10-28T16:12:00Z
ATT-003392,SES-00454,STU-00121,false,,unknown,2025-10-28T15:31:00Z
ATT-003393,SES-00454,STU-00124,true,,,2025-10-28T14:16:00Z
ATT-003394,SES-00454,STU-00127,true,,,2025-10-28T14:50:00Z
ATT-003395,SES-00454,STU-00130,false,,illness,2025-10-28T17:33:00Z
ATT-003396,SES-00454,STU-00133,true,,,2025-10-28T16:09:00Z
ATT-003397,SES-00455,STU-00106,true,,,2025-10-29T14:30:00Z
ATT-003398,SES-00455,STU-00109,true,,,2025-10-29T18:29:00Z
ATT-003399,SES-00455,STU-00112,true,,,2025-10-29T17:12:00Z
ATT-003400,SES-00455,STU-00115,true,,,2025-10-29T17:24:00Z
ATT-003401,SES-00455,STU-00118,true,,,2025-10-29T17:57:00Z
ATT-003402,SES-00455,STU-00121,true,,,2025-10-29T17:24:00Z
ATT-003403,SES-00455,STU-00124,true,,,2025-10-29T18:41:00Z
ATT-003404,SES-00455,STU-00127,false,,illness,2025-10-29T16:33:00Z
ATT-003405,SES-00455,STU-00130,true,,,2025-10-29T18:51:00Z
ATT-003406,SES-00455,STU-00133,true,,,2025-10-29T14:36:00Z
ATT-003407,SES-00457,STU-00106,false,,illness,2025-11-04T16:16:00Z
ATT-003408,SES-00457,STU-00109,true,,,2025-11-04T18:54:00Z
ATT-003409,SES-00457,STU-00112,true,,,2025-11-04T18:58:00Z
ATT-003410,SES-00457,STU-00115,true,,,2025-11-04T18:00:00Z
ATT-003411,SES-00457,STU-00118,true,42,,2025-11-04T18:26:00Z
ATT-003412,SES-00457,STU-00121,true,33,,2025-11-04T15:06:00Z
ATT-003413,SES-00457,STU-00124,true,,,2025-11-04T17:16:00Z
ATT-003414,SES-00457,STU-00127,true,,,2025-11-04T15:40:00Z
ATT-003415,SES-00457,STU-00130,true,,,2025-11-04T18:36:00Z
ATT-003416,SES-00457,STU-00133,true,,,2025-11-04T17:39:00Z
ATT-003417,SES-00458,STU-00106,true,,,2025-11-05T14:54:00Z
ATT-003418,SES-00458,STU-00109,true,,,2025-11-05T15:34:00Z
ATT-003419,SES-00458,STU-00112,true,,,2025-11-05T18:01:00Z
ATT-003420,SES-00458,STU-00115,true,,,2025-11-05T15:14:00Z
ATT-003421,SES-00458,STU-00118,true,37,,2025-11-05T17:34:00Z
ATT-003422,SES-00458,STU-00121,false,,illness,2025-11-05T18:28:00Z
ATT-003423,SES-00458,STU-00124,true,,,2025-11-05T15:13:00Z
ATT-003424,SES-00458,STU-00127,true,30,,2025-11-05T18:26:00Z
ATT-003425,SES-00458,STU-00130,true,,,2025-11-05T18:56:00Z
ATT-003426,SES-00458,STU-00133,true,,,2025-11-05T16:59:00Z
ATT-003427,SES-00459,STU-00106,true,,,2025-11-07T16:50:00Z
ATT-003428,SES-00459,STU-00109,true,,,2025-11-07T15:02:00Z
ATT-003429,SES-00459,STU-00112,true,,,2025-11-07T15:42:00Z
ATT-003430,SES-00459,STU-00115,false,,unknown,2025-11-07T17:52:00Z
ATT-003431,SES-00459,STU-00118,false,,unknown,2025-11-07T16:06:00Z
ATT-003432,SES-00459,STU-00121,true,,,2025-11-07T18:17:00Z
ATT-003433,SES-00459,STU-00124,true,,,2025-11-07T16:48:00Z
ATT-003434,SES-00459,STU-00127,true,,,2025-11-07T14:47:00Z
ATT-003435,SES-00459,STU-00130,true,,,2025-11-07T14:42:00Z
ATT-003436,SES-00459,STU-00133,true,,,2025-11-07T15:14:00Z
ATT-003437,SES-00460,STU-00106,true,,,2025-11-11T15:52:00Z
ATT-003438,SES-00460,STU-00109,true,,,2025-11-11T17:03:00Z
ATT-003439,SES-00460,STU-00112,true,,,2025-11-11T15:02:00Z
ATT-003440,SES-00460,STU-00115,true,,,2025-11-11T15:23:00Z
ATT-003441,SES-00460,STU-00118,true,,,2025-11-11T16:53:00Z
ATT-003442,SES-00460,STU-00121,true,,,2025-11-11T14:53:00Z
ATT-003443,SES-00460,STU-00124,false,,school_conflict,2025-11-11T14:10:00Z
ATT-003444,SES-00460,STU-00127,true,,,2025-11-11T17:06:00Z
ATT-003445,SES-00460,STU-00130,true,,,2025-11-11T14:09:00Z
ATT-003446,SES-00460,STU-00133,true,,,2025-11-11T15:17:00Z
ATT-003447,SES-00462,STU-00106,true,,,2025-11-14T18:57:00Z
ATT-003448,SES-00462,STU-00109,false,,unknown,2025-11-14T18:21:00Z
ATT-003449,SES-00462,STU-00112,false,,illness,2025-11-14T18:34:00Z
ATT-003450,SES-00462,STU-00115,true,,,2025-11-14T17:27:00Z
ATT-003451,SES-00462,STU-00118,true,,,2025-11-14T17:17:00Z
ATT-003452,SES-00462,STU-00121,true,,,2025-11-14T14:12:00Z
ATT-003453,SES-00462,STU-00124,true,,,2025-11-14T18:29:00Z
ATT-003454,SES-00462,STU-00127,false,,unknown,2025-11-14T14:50:00Z
ATT-003455,SES-00462,STU-00130,true,,,2025-11-14T15:47:00Z
ATT-003456,SES-00462,STU-00133,true,,,2025-11-14T14:35:00Z
ATT-003457,SES-00463,STU-00106,true,,,2025-11-18T18:45:00Z
ATT-003458,SES-00463,STU-00109,true,,,2025-11-18T18:11:00Z
ATT-003459,SES-00463,STU-00112,true,,,2025-11-18T15:15:00Z
ATT-003460,SES-00463,STU-00115,false,,school_conflict,2025-11-18T18:34:00Z
ATT-003461,SES-00463,STU-00118,false,,illness,2025-11-18T18:05:00Z
ATT-003462,SES-00463,STU-00121,true,,,2025-11-18T16:16:00Z
ATT-003463,SES-00463,STU-00124,true,,,2025-11-18T15:02:00Z
ATT-003464,SES-00463,STU-00127,true,,,2025-11-18T15:08:00Z
ATT-003465,SES-00463,STU-00130,true,,,2025-11-18T14:33:00Z
ATT-003466,SES-00463,STU-00133,true,,,2025-11-18T17:46:00Z
ATT-003467,SES-00464,STU-00106,true,,,2025-11-19T16:29:00Z
ATT-003468,SES-00464,STU-00109,true,,,2025-11-19T16:01:00Z
ATT-003469,SES-00464,STU-00112,true,30,,2025-11-19T14:55:00Z
ATT-003470,SES-00464,STU-00115,false,,illness,2025-11-19T16:10:00Z
ATT-003471,SES-00464,STU-00118,true,,,2025-11-19T18:05:00Z
ATT-003472,SES-00464,STU-00121,true,,,2025-11-19T14:28:00Z
ATT-003473,SES-00464,STU-00124,true,,,2025-11-19T16:03:00Z
ATT-003474,SES-00464,STU-00127,true,,,2025-11-19T18:01:00Z
ATT-003475,SES-00464,STU-00130,true,,,2025-11-19T16:24:00Z
ATT-003476,SES-00464,STU-00133,true,,,2025-11-19T18:41:00Z
ATT-003477,SES-00465,STU-00106,true,,,2025-11-21T15:05:00Z
ATT-003478,SES-00465,STU-00109,true,,,2025-11-21T18:34:00Z
ATT-003479,SES-00465,STU-00112,true,,,2025-11-21T14:09:00Z
ATT-003480,SES-00465,STU-00115,true,,,2025-11-21T18:39:00Z
ATT-003481,SES-00465,STU-00118,true,,,2025-11-21T17:02:00Z
ATT-003482,SES-00465,STU-00121,true,,,2025-11-21T14:38:00Z
ATT-003483,SES-00465,STU-00124,true,,,2025-11-21T15:24:00Z
ATT-003484,SES-00465,STU-00127,true,,,2025-11-21T16:46:00Z
ATT-003485,SES-00465,STU-00130,true,,,2025-11-21T17:24:00Z
ATT-003486,SES-00465,STU-00133,true,,,2025-11-21T15:51:00Z
ATT-003487,SES-00466,STU-00106,true,,,2025-11-25T16:23:00Z
ATT-003488,SES-00466,STU-00109,true,,,2025-11-25T15:50:00Z
ATT-003489,SES-00466,STU-00112,true,,,2025-11-25T18:45:00Z
ATT-003490,SES-00466,STU-00115,true,,,2025-11-25T17:13:00Z
ATT-003491,SES-00466,STU-00118,true,,,2025-11-25T18:35:00Z
ATT-003492,SES-00466,STU-00121,true,,,2025-11-25T14:49:00Z
ATT-003493,SES-00466,STU-00124,true,,,2025-11-25T18:11:00Z
ATT-003494,SES-00466,STU-00127,true,42,,2025-11-25T14:59:00Z
ATT-003495,SES-00466,STU-00130,true,,,2025-11-25T18:07:00Z
ATT-003496,SES-00466,STU-00133,false,,no_show,2025-11-25T14:16:00Z
ATT-003497,SES-00467,STU-00106,true,,,2025-11-26T15:35:00Z
ATT-003498,SES-00467,STU-00109,false,,school_conflict,2025-11-26T15:33:00Z
ATT-003499,SES-00467,STU-00112,true,,,2025-11-26T15:33:00Z
ATT-003500,SES-00467,STU-00115,true,,,2025-11-26T15:09:00Z
ATT-003501,SES-00467,STU-00118,true,,,2025-11-26T17:39:00Z
ATT-003502,SES-00467,STU-00121,true,,,2025-11-26T18:36:00Z
ATT-003503,SES-00467,STU-00124,true,,,2025-11-26T16:26:00Z
ATT-003504,SES-00467,STU-00127,true,44,,2025-11-26T17:48:00Z
ATT-003505,SES-00467,STU-00130,true,,,2025-11-26T18:27:00Z
ATT-003506,SES-00467,STU-00133,true,,,2025-11-26T16:05:00Z
ATT-003507,SES-00468,STU-00106,true,36,,2025-11-28T16:40:00Z
ATT-003508,SES-00468,STU-00109,true,,,2025-11-28T16:48:00Z
ATT-003509,SES-00468,STU-00112,true,,,2025-11-28T15:25:00Z
ATT-003510,SES-00468,STU-00115,false,,unknown,2025-11-28T16:21:00Z
ATT-003511,SES-00468,STU-00118,true,,,2025-11-28T15:55:00Z
ATT-003512,SES-00468,STU-00121,false,,illness,2025-11-28T14:30:00Z
ATT-003513,SES-00468,STU-00124,true,,,2025-11-28T16:55:00Z
ATT-003514,SES-00468,STU-00127,true,,,2025-11-28T18:32:00Z
ATT-003515,SES-00468,STU-00130,false,,illness,2025-11-28T15:46:00Z
ATT-003516,SES-00468,STU-00133,true,,,2025-11-28T18:33:00Z
ATT-003517,SES-00469,STU-00107,true,,,2025-09-02T16:46:00Z
ATT-003518,SES-00469,STU-00110,false,,school_conflict,2025-09-02T14:43:00Z
ATT-003519,SES-00469,STU-00113,true,40,,2025-09-02T14:54:00Z
ATT-003520,SES-00469,STU-00116,true,,,2025-09-02T15:13:00Z
ATT-003521,SES-00469,STU-00119,false,,unknown,2025-09-02T15:53:00Z
ATT-003522,SES-00469,STU-00122,true,,,2025-09-02T14:25:00Z
ATT-003523,SES-00469,STU-00125,true,,,2025-09-02T14:05:00Z
ATT-003524,SES-00469,STU-00128,true,,,2025-09-02T18:29:00Z
ATT-003525,SES-00469,STU-00131,true,,,2025-09-02T18:03:00Z
ATT-003526,SES-00469,STU-00134,true,,,2025-09-02T18:05:00Z
ATT-003527,SES-00470,STU-00107,true,,,2025-09-03T15:08:00Z
ATT-003528,SES-00470,STU-00110,true,,,2025-09-03T15:02:00Z
ATT-003529,SES-00470,STU-00113,false,,unknown,2025-09-03T14:05:00Z
ATT-003530,SES-00470,STU-00116,false,,family,2025-09-03T18:31:00Z
ATT-003531,SES-00470,STU-00119,true,,,2025-09-03T17:06:00Z
ATT-003532,SES-00470,STU-00122,true,,,2025-09-03T17:49:00Z
ATT-003533,SES-00470,STU-00125,true,,,2025-09-03T14:00:00Z
ATT-003534,SES-00470,STU-00128,false,,illness,2025-09-03T14:51:00Z
ATT-003535,SES-00470,STU-00131,true,,,2025-09-03T17:07:00Z
ATT-003536,SES-00470,STU-00134,true,,,2025-09-03T18:59:00Z
ATT-003537,SES-00471,STU-00107,true,,,2025-09-04T16:30:00Z
ATT-003538,SES-00471,STU-00110,true,,,2025-09-04T16:52:00Z
ATT-003539,SES-00471,STU-00113,false,,illness,2025-09-04T17:58:00Z
ATT-003540,SES-00471,STU-00116,true,,,2025-09-04T15:25:00Z
ATT-003541,SES-00471,STU-00119,true,,,2025-09-04T15:56:00Z
ATT-003542,SES-00471,STU-00122,true,,,2025-09-04T14:51:00Z
ATT-003543,SES-00471,STU-00125,true,,,2025-09-04T18:18:00Z
ATT-003544,SES-00471,STU-00128,true,,,2025-09-04T15:25:00Z
ATT-003545,SES-00471,STU-00131,true,,,2025-09-04T14:37:00Z
ATT-003546,SES-00471,STU-00134,true,,,2025-09-04T15:10:00Z
ATT-003547,SES-00472,STU-00107,true,,,2025-09-09T15:38:00Z
ATT-003548,SES-00472,STU-00110,true,,,2025-09-09T15:28:00Z
ATT-003549,SES-00472,STU-00113,true,,,2025-09-09T14:05:00Z
ATT-003550,SES-00472,STU-00116,true,41,,2025-09-09T16:08:00Z
ATT-003551,SES-00472,STU-00119,true,,,2025-09-09T14:53:00Z
ATT-003552,SES-00472,STU-00122,true,42,,2025-09-09T16:15:00Z
ATT-003553,SES-00472,STU-00125,true,,,2025-09-09T17:50:00Z
ATT-003554,SES-00472,STU-00128,true,,,2025-09-09T14:07:00Z
ATT-003555,SES-00472,STU-00131,true,,,2025-09-09T14:02:00Z
ATT-003556,SES-00472,STU-00134,false,,unknown,2025-09-09T14:33:00Z
ATT-003557,SES-00474,STU-00107,false,,school_conflict,2025-09-11T17:56:00Z
ATT-003558,SES-00474,STU-00110,true,,,2025-09-11T14:24:00Z
ATT-003559,SES-00474,STU-00113,true,,,2025-09-11T16:47:00Z
ATT-003560,SES-00474,STU-00116,true,,,2025-09-11T15:16:00Z
ATT-003561,SES-00474,STU-00119,false,,school_conflict,2025-09-11T17:32:00Z
ATT-003562,SES-00474,STU-00122,true,,,2025-09-11T14:31:00Z
ATT-003563,SES-00474,STU-00125,true,,,2025-09-11T18:41:00Z
ATT-003564,SES-00474,STU-00128,false,,family,2025-09-11T18:53:00Z
ATT-003565,SES-00474,STU-00131,true,,,2025-09-11T14:07:00Z
ATT-003566,SES-00474,STU-00134,true,,,2025-09-11T14:50:00Z
ATT-003567,SES-00475,STU-00107,true,,,2025-09-16T15:21:00Z
ATT-003568,SES-00475,STU-00110,true,,,2025-09-16T18:47:00Z
ATT-003569,SES-00475,STU-00113,false,,illness,2025-09-16T14:13:00Z
ATT-003570,SES-00475,STU-00116,true,,,2025-09-16T14:03:00Z
ATT-003571,SES-00475,STU-00119,true,,,2025-09-16T14:38:00Z
ATT-003572,SES-00475,STU-00122,false,,school_conflict,2025-09-16T18:37:00Z
ATT-003573,SES-00475,STU-00125,true,,,2025-09-16T16:36:00Z
ATT-003574,SES-00475,STU-00128,true,37,,2025-09-16T16:37:00Z
ATT-003575,SES-00475,STU-00131,true,,,2025-09-16T18:45:00Z
ATT-003576,SES-00475,STU-00134,true,,,2025-09-16T17:49:00Z
ATT-003577,SES-00476,STU-00107,true,,,2025-09-17T16:53:00Z
ATT-003578,SES-00476,STU-00110,true,,,2025-09-17T18:47:00Z
ATT-003579,SES-00476,STU-00113,true,,,2025-09-17T17:05:00Z
ATT-003580,SES-00476,STU-00116,false,,illness,2025-09-17T18:50:00Z
ATT-003581,SES-00476,STU-00119,true,,,2025-09-17T18:15:00Z
ATT-003582,SES-00476,STU-00122,true,,,2025-09-17T16:01:00Z
ATT-003583,SES-00476,STU-00125,true,,,2025-09-17T18:39:00Z
ATT-003584,SES-00476,STU-00128,true,,,2025-09-17T15:56:00Z
ATT-003585,SES-00476,STU-00131,true,,,2025-09-17T15:18:00Z
ATT-003586,SES-00476,STU-00134,true,,,2025-09-17T17:25:00Z
ATT-003587,SES-00477,STU-00107,true,,,2025-09-18T14:26:00Z
ATT-003588,SES-00477,STU-00110,true,38,,2025-09-18T17:09:00Z
ATT-003589,SES-00477,STU-00113,true,,,2025-09-18T17:57:00Z
ATT-003590,SES-00477,STU-00116,true,,,2025-09-18T15:19:00Z
ATT-003591,SES-00477,STU-00119,true,,,2025-09-18T15:33:00Z
ATT-003592,SES-00477,STU-00122,true,,,2025-09-18T18:58:00Z
ATT-003593,SES-00477,STU-00125,true,,,2025-09-18T18:08:00Z
ATT-003594,SES-00477,STU-00128,true,,,2025-09-18T14:53:00Z
ATT-003595,SES-00477,STU-00131,true,,,2025-09-18T14:57:00Z
ATT-003596,SES-00477,STU-00134,true,,,2025-09-18T14:09:00Z
ATT-003597,SES-00479,STU-00107,false,,family,2025-09-24T17:21:00Z
ATT-003598,SES-00479,STU-00110,true,,,2025-09-24T15:25:00Z
ATT-003599,SES-00479,STU-00113,true,,,2025-09-24T15:27:00Z
ATT-003600,SES-00479,STU-00116,true,,,2025-09-24T18:24:00Z
ATT-003601,SES-00479,STU-00119,true,,,2025-09-24T14:59:00Z
ATT-003602,SES-00479,STU-00122,false,,illness,2025-09-24T17:51:00Z
ATT-003603,SES-00479,STU-00125,true,,,2025-09-24T15:49:00Z
ATT-003604,SES-00479,STU-00128,true,,,2025-09-24T18:21:00Z
ATT-003605,SES-00479,STU-00131,false,,unknown,2025-09-24T16:53:00Z
ATT-003606,SES-00479,STU-00134,true,,,2025-09-24T18:09:00Z
ATT-003607,SES-00480,STU-00107,true,,,2025-09-25T16:54:00Z
ATT-003608,SES-00480,STU-00110,true,,,2025-09-25T14:54:00Z
ATT-003609,SES-00480,STU-00113,true,,,2025-09-25T17:48:00Z
ATT-003610,SES-00480,STU-00116,true,43,,2025-09-25T18:27:00Z
ATT-003611,SES-00480,STU-00119,true,,,2025-09-25T17:04:00Z
ATT-003612,SES-00480,STU-00122,false,,illness,2025-09-25T17:32:00Z
ATT-003613,SES-00480,STU-00125,true,,,2025-09-25T15:52:00Z
ATT-003614,SES-00480,STU-00128,true,,,2025-09-25T14:03:00Z
ATT-003615,SES-00480,STU-00131,false,,school_conflict,2025-09-25T14:39:00Z
ATT-003616,SES-00480,STU-00134,true,,,2025-09-25T18:04:00Z
ATT-003617,SES-00481,STU-00107,false,,school_conflict,2025-09-30T17:26:00Z
ATT-003618,SES-00481,STU-00110,true,,,2025-09-30T18:12:00Z
ATT-003619,SES-00481,STU-00113,false,,no_show,2025-09-30T17:40:00Z
ATT-003620,SES-00481,STU-00116,true,,,2025-09-30T15:40:00Z
ATT-003621,SES-00481,STU-00119,true,37,,2025-09-30T17:28:00Z
ATT-003622,SES-00481,STU-00122,true,,,2025-09-30T14:45:00Z
ATT-003623,SES-00481,STU-00125,false,,unknown,2025-09-30T17:48:00Z
ATT-003624,SES-00481,STU-00128,false,,family,2025-09-30T18:08:00Z
ATT-003625,SES-00481,STU-00131,true,,,2025-09-30T14:47:00Z
ATT-003626,SES-00481,STU-00134,false,,unknown,2025-09-30T17:59:00Z
ATT-003627,SES-00482,STU-00107,true,32,,2025-10-01T18:44:00Z
ATT-003628,SES-00482,STU-00110,false,,illness,2025-10-01T16:01:00Z
ATT-003629,SES-00482,STU-00113,true,,,2025-10-01T18:16:00Z
ATT-003630,SES-00482,STU-00116,true,,,2025-10-01T15:29:00Z
ATT-003631,SES-00482,STU-00119,true,,,2025-10-01T16:22:00Z
ATT-003632,SES-00482,STU-00122,true,,,2025-10-01T16:58:00Z
ATT-003633,SES-00482,STU-00125,false,,illness,2025-10-01T18:59:00Z
ATT-003634,SES-00482,STU-00128,true,43,,2025-10-01T15:43:00Z
ATT-003635,SES-00482,STU-00131,true,,,2025-10-01T14:24:00Z
ATT-003636,SES-00482,STU-00134,true,,,2025-10-01T15:52:00Z
ATT-003637,SES-00483,STU-00107,true,,,2025-10-02T15:29:00Z
ATT-003638,SES-00483,STU-00110,true,,,2025-10-02T16:24:00Z
ATT-003639,SES-00483,STU-00113,true,,,2025-10-02T14:57:00Z
ATT-003640,SES-00483,STU-00116,true,,,2025-10-02T16:37:00Z
ATT-003641,SES-00483,STU-00119,true,,,2025-10-02T18:20:00Z
ATT-003642,SES-00483,STU-00122,true,,,2025-10-02T16:32:00Z
ATT-003643,SES-00483,STU-00125,true,,,2025-10-02T17:17:00Z
ATT-003644,SES-00483,STU-00128,true,37,,2025-10-02T15:43:00Z
ATT-003645,SES-00483,STU-00131,true,,,2025-10-02T17:34:00Z
ATT-003646,SES-00483,STU-00134,true,,,2025-10-02T17:47:00Z
ATT-003647,SES-00484,STU-00107,true,,,2025-10-07T15:58:00Z
ATT-003648,SES-00484,STU-00110,true,32,,2025-10-07T14:56:00Z
ATT-003649,SES-00484,STU-00113,true,,,2025-10-07T18:52:00Z
ATT-003650,SES-00484,STU-00116,true,,,2025-10-07T16:33:00Z
ATT-003651,SES-00484,STU-00119,false,,school_conflict,2025-10-07T18:34:00Z
ATT-003652,SES-00484,STU-00122,true,,,2025-10-07T18:28:00Z
ATT-003653,SES-00484,STU-00125,true,,,2025-10-07T15:55:00Z
ATT-003654,SES-00484,STU-00128,false,,illness,2025-10-07T14:54:00Z
ATT-003655,SES-00484,STU-00131,true,,,2025-10-07T16:26:00Z
ATT-003656,SES-00484,STU-00134,true,,,2025-10-07T17:47:00Z
ATT-003657,SES-00485,STU-00107,true,,,2025-10-08T18:34:00Z
ATT-003658,SES-00485,STU-00110,true,,,2025-10-08T14:29:00Z
ATT-003659,SES-00485,STU-00113,true,43,,2025-10-08T17:15:00Z
ATT-003660,SES-00485,STU-00116,false,,school_conflict,2025-10-08T15:55:00Z
ATT-003661,SES-00485,STU-00119,true,,,2025-10-08T14:24:00Z
ATT-003662,SES-00485,STU-00122,true,,,2025-10-08T15:11:00Z
ATT-003663,SES-00485,STU-00125,true,,,2025-10-08T15:05:00Z
ATT-003664,SES-00485,STU-00128,false,,family,2025-10-08T16:00:00Z
ATT-003665,SES-00485,STU-00131,true,,,2025-10-08T17:59:00Z
ATT-003666,SES-00485,STU-00134,true,,,2025-10-08T18:09:00Z
ATT-003667,SES-00487,STU-00107,true,,,2025-10-14T15:04:00Z
ATT-003668,SES-00487,STU-00110,false,,illness,2025-10-14T18:25:00Z
ATT-003669,SES-00487,STU-00113,false,,unknown,2025-10-14T14:35:00Z
ATT-003670,SES-00487,STU-00116,true,,,2025-10-14T16:15:00Z
ATT-003671,SES-00487,STU-00119,true,,,2025-10-14T16:50:00Z
ATT-003672,SES-00487,STU-00122,true,32,,2025-10-14T15:57:00Z
ATT-003673,SES-00487,STU-00125,false,,unknown,2025-10-14T14:38:00Z
ATT-003674,SES-00487,STU-00128,true,,,2025-10-14T18:27:00Z
ATT-003675,SES-00487,STU-00131,false,,family,2025-10-14T16:32:00Z
ATT-003676,SES-00487,STU-00134,false,,family,2025-10-14T16:56:00Z
ATT-003677,SES-00488,STU-00107,true,,,2025-10-15T18:32:00Z
ATT-003678,SES-00488,STU-00110,true,31,,2025-10-15T16:22:00Z
ATT-003679,SES-00488,STU-00113,true,,,2025-10-15T17:51:00Z
ATT-003680,SES-00488,STU-00116,true,40,,2025-10-15T17:05:00Z
ATT-003681,SES-00488,STU-00119,true,,,2025-10-15T18:25:00Z
ATT-003682,SES-00488,STU-00122,true,,,2025-10-15T18:49:00Z
ATT-003683,SES-00488,STU-00125,false,,illness,2025-10-15T18:28:00Z
ATT-003684,SES-00488,STU-00128,true,,,2025-10-15T18:04:00Z
ATT-003685,SES-00488,STU-00131,true,,,2025-10-15T17:31:00Z
ATT-003686,SES-00488,STU-00134,true,,,2025-10-15T18:09:00Z
ATT-003687,SES-00489,STU-00107,false,,family,2025-10-16T17:32:00Z
ATT-003688,SES-00489,STU-00110,true,,,2025-10-16T15:20:00Z
ATT-003689,SES-00489,STU-00113,true,,,2025-10-16T14:50:00Z
ATT-003690,SES-00489,STU-00116,true,,,2025-10-16T18:00:00Z
ATT-003691,SES-00489,STU-00119,true,,,2025-10-16T15:23:00Z
ATT-003692,SES-00489,STU-00122,true,,,2025-10-16T14:42:00Z
ATT-003693,SES-00489,STU-00125,false,,school_conflict,2025-10-16T17:24:00Z
ATT-003694,SES-00489,STU-00128,true,,,2025-10-16T17:36:00Z
ATT-003695,SES-00489,STU-00131,true,,,2025-10-16T15:17:00Z
ATT-003696,SES-00489,STU-00134,false,,illness,2025-10-16T16:54:00Z
ATT-003697,SES-00490,STU-00107,true,,,2025-10-21T18:25:00Z
ATT-003698,SES-00490,STU-00110,true,,,2025-10-21T15:22:00Z
ATT-003699,SES-00490,STU-00113,false,,family,2025-10-21T15:40:00Z
ATT-003700,SES-00490,STU-00116,true,,,2025-10-21T18:47:00Z
ATT-003701,SES-00490,STU-00119,true,,,2025-10-21T17:53:00Z
ATT-003702,SES-00490,STU-00122,false,,unknown,2025-10-21T15:34:00Z
ATT-003703,SES-00490,STU-00125,false,,no_show,2025-10-21T14:21:00Z
ATT-003704,SES-00490,STU-00128,true,,,2025-10-21T16:11:00Z
ATT-003705,SES-00490,STU-00131,true,,,2025-10-21T17:11:00Z
ATT-003706,SES-00490,STU-00134,false,,school_conflict,2025-10-21T15:36:00Z
ATT-003707,SES-00491,STU-00107,true,,,2025-10-22T15:55:00Z
ATT-003708,SES-00491,STU-00110,true,,,2025-10-22T18:50:00Z
ATT-003709,SES-00491,STU-00113,true,,,2025-10-22T18:06:00Z
ATT-003710,SES-00491,STU-00116,true,,,2025-10-22T16:01:00Z
ATT-003711,SES-00491,STU-00119,false,,school_conflict,2025-10-22T16:24:00Z
ATT-003712,SES-00491,STU-00122,false,,family,2025-10-22T14:39:00Z
ATT-003713,SES-00491,STU-00125,true,,,2025-10-22T16:52:00Z
ATT-003714,SES-00491,STU-00128,true,34,,2025-10-22T18:07:00Z
ATT-003715,SES-00491,STU-00131,false,,unknown,2025-10-22T18:04:00Z
ATT-003716,SES-00491,STU-00134,false,,illness,2025-10-22T17:38:00Z
ATT-003717,SES-00492,STU-00107,true,38,,2025-10-23T16:37:00Z
ATT-003718,SES-00492,STU-00110,true,,,2025-10-23T14:53:00Z
ATT-003719,SES-00492,STU-00113,true,,,2025-10-23T14:20:00Z
ATT-003720,SES-00492,STU-00116,true,,,2025-10-23T16:12:00Z
ATT-003721,SES-00492,STU-00119,true,,,2025-10-23T16:39:00Z
ATT-003722,SES-00492,STU-00122,false,,unknown,2025-10-23T17:46:00Z
ATT-003723,SES-00492,STU-00125,false,,school_conflict,2025-10-23T15:51:00Z
ATT-003724,SES-00492,STU-00128,true,,,2025-10-23T14:01:00Z
ATT-003725,SES-00492,STU-00131,false,,illness,2025-10-23T15:44:00Z
ATT-003726,SES-00492,STU-00134,false,,unknown,2025-10-23T16:49:00Z
ATT-003727,SES-00493,STU-00107,true,35,,2025-10-28T15:29:00Z
ATT-003728,SES-00493,STU-00110,true,,,2025-10-28T14:44:00Z
ATT-003729,SES-00493,STU-00113,true,,,2025-10-28T14:38:00Z
ATT-003730,SES-00493,STU-00116,true,,,2025-10-28T17:00:00Z
ATT-003731,SES-00493,STU-00119,true,,,2025-10-28T18:33:00Z
ATT-003732,SES-00493,STU-00122,true,,,2025-10-28T17:10:00Z
ATT-003733,SES-00493,STU-00125,false,,no_show,2025-10-28T18:51:00Z
ATT-003734,SES-00493,STU-00128,false,,unknown,2025-10-28T17:03:00Z
ATT-003735,SES-00493,STU-00131,false,,unknown,2025-10-28T18:32:00Z
ATT-003736,SES-00493,STU-00134,true,,,2025-10-28T18:28:00Z
ATT-003737,SES-00494,STU-00107,true,,,2025-10-29T15:31:00Z
ATT-003738,SES-00494,STU-00110,true,,,2025-10-29T16:34:00Z
ATT-003739,SES-00494,STU-00113,true,,,2025-10-29T17:23:00Z
ATT-003740,SES-00494,STU-00116,true,,,2025-10-29T18:18:00Z
ATT-003741,SES-00494,STU-00119,true,,,2025-10-29T18:58:00Z
ATT-003742,SES-00494,STU-00122,true,,,2025-10-29T17:21:00Z
ATT-003743,SES-00494,STU-00125,true,,,2025-10-29T14:56:00Z
ATT-003744,SES-00494,STU-00128,true,,,2025-10-29T16:23:00Z
ATT-003745,SES-00494,STU-00131,true,,,2025-10-29T15:04:00Z
ATT-003746,SES-00494,STU-00134,false,,illness,2025-10-29T14:51:00Z
ATT-003747,SES-00495,STU-00107,true,,,2025-10-30T15:00:00Z
ATT-003748,SES-00495,STU-00110,true,,,2025-10-30T18:13:00Z
ATT-003749,SES-00495,STU-00113,true,,,2025-10-30T15:43:00Z
ATT-003750,SES-00495,STU-00116,true,,,2025-10-30T18:33:00Z
ATT-003751,SES-00495,STU-00119,true,,,2025-10-30T18:45:00Z
ATT-003752,SES-00495,STU-00122,true,,,2025-10-30T15:27:00Z
ATT-003753,SES-00495,STU-00125,true,,,2025-10-30T17:46:00Z
ATT-003754,SES-00495,STU-00128,false,,family,2025-10-30T15:47:00Z
ATT-003755,SES-00495,STU-00131,true,,,2025-10-30T18:47:00Z
ATT-003756,SES-00495,STU-00134,true,,,2025-10-30T16:13:00Z
ATT-003757,SES-00497,STU-00107,false,,illness,2025-11-05T15:51:00Z
ATT-003758,SES-00497,STU-00110,true,,,2025-11-05T14:47:00Z
ATT-003759,SES-00497,STU-00113,true,,,2025-11-05T15:12:00Z
ATT-003760,SES-00497,STU-00116,true,,,2025-11-05T14:40:00Z
ATT-003761,SES-00497,STU-00119,true,,,2025-11-05T17:47:00Z
ATT-003762,SES-00497,STU-00122,true,,,2025-11-05T15:26:00Z
ATT-003763,SES-00497,STU-00125,true,,,2025-11-05T18:29:00Z
ATT-003764,SES-00497,STU-00128,true,,,2025-11-05T17:25:00Z
ATT-003765,SES-00497,STU-00131,true,,,2025-11-05T17:11:00Z
ATT-003766,SES-00497,STU-00134,true,,,2025-11-05T17:29:00Z
ATT-003767,SES-00498,STU-00107,true,,,2025-11-06T16:35:00Z
ATT-003768,SES-00498,STU-00110,true,,,2025-11-06T17:09:00Z
ATT-003769,SES-00498,STU-00113,false,,no_show,2025-11-06T16:09:00Z
ATT-003770,SES-00498,STU-00116,true,,,2025-11-06T17:24:00Z
ATT-003771,SES-00498,STU-00119,false,,family,2025-11-06T14:25:00Z
ATT-003772,SES-00498,STU-00122,true,,,2025-11-06T17:07:00Z
ATT-003773,SES-00498,STU-00125,true,,,2025-11-06T17:43:00Z
ATT-003774,SES-00498,STU-00128,true,,,2025-11-06T15:59:00Z
ATT-003775,SES-00498,STU-00131,true,,,2025-11-06T15:53:00Z
ATT-003776,SES-00498,STU-00134,false,,school_conflict,2025-11-06T15:09:00Z
ATT-003777,SES-00499,STU-00107,true,,,2025-11-11T18:13:00Z
ATT-003778,SES-00499,STU-00110,true,,,2025-11-11T14:46:00Z
ATT-003779,SES-00499,STU-00113,true,,,2025-11-11T18:04:00Z
ATT-003780,SES-00499,STU-00116,true,,,2025-11-11T18:09:00Z
ATT-003781,SES-00499,STU-00119,true,,,2025-11-11T16:44:00Z
ATT-003782,SES-00499,STU-00122,false,,unknown,2025-11-11T18:13:00Z
ATT-003783,SES-00499,STU-00125,true,,,2025-11-11T16:26:00Z
ATT-003784,SES-00499,STU-00128,true,,,2025-11-11T17:47:00Z
ATT-003785,SES-00499,STU-00131,true,,,2025-11-11T15:51:00Z
ATT-003786,SES-00499,STU-00134,true,,,2025-11-11T14:36:00Z
ATT-003787,SES-00500,STU-00107,true,,,2025-11-12T18:51:00Z
ATT-003788,SES-00500,STU-00110,false,,school_conflict,2025-11-12T14:11:00Z
ATT-003789,SES-00500,STU-00113,false,,family,2025-11-12T18:28:00Z
ATT-003790,SES-00500,STU-00116,true,,,2025-11-12T17:04:00Z
ATT-003791,SES-00500,STU-00119,true,,,2025-11-12T18:29:00Z
ATT-003792,SES-00500,STU-00122,true,,,2025-11-12T14:13:00Z
ATT-003793,SES-00500,STU-00125,true,,,2025-11-12T16:08:00Z
ATT-003794,SES-00500,STU-00128,true,,,2025-11-12T18:15:00Z
ATT-003795,SES-00500,STU-00131,true,40,,2025-11-12T14:08:00Z
ATT-003796,SES-00500,STU-00134,true,,,2025-11-12T14:35:00Z
ATT-003797,SES-00501,STU-00107,true,30,,2025-11-13T16:48:00Z
ATT-003798,SES-00501,STU-00110,true,,,2025-11-13T17:33:00Z
ATT-003799,SES-00501,STU-00113,true,,,2025-11-13T17:22:00Z
ATT-003800,SES-00501,STU-00116,true,,,2025-11-13T16:42:00Z
ATT-003801,SES-00501,STU-00119,true,,,2025-11-13T18:25:00Z
ATT-003802,SES-00501,STU-00122,false,,unknown,2025-11-13T14:12:00Z
ATT-003803,SES-00501,STU-00125,true,,,2025-11-13T15:59:00Z
ATT-003804,SES-00501,STU-00128,true,,,2025-11-13T18:54:00Z
ATT-003805,SES-00501,STU-00131,true,,,2025-11-13T17:04:00Z
ATT-003806,SES-00501,STU-00134,true,,,2025-11-13T15:55:00Z
ATT-003807,SES-00502,STU-00107,true,,,2025-11-18T14:01:00Z
ATT-003808,SES-00502,STU-00110,true,,,2025-11-18T15:49:00Z
ATT-003809,SES-00502,STU-00113,false,,no_show,2025-11-18T16:42:00Z
ATT-003810,SES-00502,STU-00116,true,,,2025-11-18T17:17:00Z
ATT-003811,SES-00502,STU-00119,true,,,2025-11-18T15:03:00Z
ATT-003812,SES-00502,STU-00122,true,,,2025-11-18T14:36:00Z
ATT-003813,SES-00502,STU-00125,true,,,2025-11-18T15:43:00Z
ATT-003814,SES-00502,STU-00128,true,,,2025-11-18T14:09:00Z
ATT-003815,SES-00502,STU-00131,true,,,2025-11-18T15:07:00Z
ATT-003816,SES-00502,STU-00134,true,,,2025-11-18T17:26:00Z
ATT-003817,SES-00503,STU-00107,true,,,2025-11-19T14:07:00Z
ATT-003818,SES-00503,STU-00110,true,,,2025-11-19T14:07:00Z
ATT-003819,SES-00503,STU-00113,true,,,2025-11-19T15:58:00Z
ATT-003820,SES-00503,STU-00116,true,,,2025-11-19T14:28:00Z
ATT-003821,SES-00503,STU-00119,true,,,2025-11-19T18:48:00Z
ATT-003822,SES-00503,STU-00122,true,,,2025-11-19T18:47:00Z
ATT-003823,SES-00503,STU-00125,true,39,,2025-11-19T15:27:00Z
ATT-003824,SES-00503,STU-00128,true,,,2025-11-19T14:42:00Z
ATT-003825,SES-00503,STU-00131,true,,,2025-11-19T16:49:00Z
ATT-003826,SES-00503,STU-00134,true,,,2025-11-19T16:11:00Z
ATT-003827,SES-00504,STU-00107,true,,,2025-11-20T18:43:00Z
ATT-003828,SES-00504,STU-00110,true,,,2025-11-20T16:55:00Z
ATT-003829,SES-00504,STU-00113,true,,,2025-11-20T15:09:00Z
ATT-003830,SES-00504,STU-00116,true,,,2025-11-20T14:53:00Z
ATT-003831,SES-00504,STU-00119,false,,illness,2025-11-20T16:22:00Z
ATT-003832,SES-00504,STU-00122,true,,,2025-11-20T14:51:00Z
ATT-003833,SES-00504,STU-00125,true,,,2025-11-20T15:45:00Z
ATT-003834,SES-00504,STU-00128,true,,,2025-11-20T15:49:00Z
ATT-003835,SES-00504,STU-00131,true,,,2025-11-20T14:49:00Z
ATT-003836,SES-00504,STU-00134,true,,,2025-11-20T14:09:00Z
ATT-003837,SES-00505,STU-00107,true,,,2025-11-25T16:35:00Z
ATT-003838,SES-00505,STU-00110,true,,,2025-11-25T16:48:00Z
ATT-003839,SES-00505,STU-00113,false,,illness,2025-11-25T14:16:00Z
ATT-003840,SES-00505,STU-00116,false,,unknown,2025-11-25T15:01:00Z
ATT-003841,SES-00505,STU-00119,true,,,2025-11-25T14:27:00Z
ATT-003842,SES-00505,STU-00122,true,,,2025-11-25T17:14:00Z
ATT-003843,SES-00505,STU-00125,true,,,2025-11-25T15:38:00Z
ATT-003844,SES-00505,STU-00128,true,,,2025-11-25T14:27:00Z
ATT-003845,SES-00505,STU-00131,true,,,2025-11-25T17:14:00Z
ATT-003846,SES-00505,STU-00134,true,,,2025-11-25T18:41:00Z
ATT-003847,SES-00506,STU-00107,false,,illness,2025-11-26T16:16:00Z
ATT-003848,SES-00506,STU-00110,false,,illness,2025-11-26T14:14:00Z
ATT-003849,SES-00506,STU-00113,true,,,2025-11-26T14:15:00Z
ATT-003850,SES-00506,STU-00116,true,35,,2025-11-26T17:31:00Z
ATT-003851,SES-00506,STU-00119,true,,,2025-11-26T17:23:00Z
ATT-003852,SES-00506,STU-00122,true,,,2025-11-26T18:04:00Z
ATT-003853,SES-00506,STU-00125,true,,,2025-11-26T16:23:00Z
ATT-003854,SES-00506,STU-00128,true,,,2025-11-26T15:16:00Z
ATT-003855,SES-00506,STU-00131,true,,,2025-11-26T16:29:00Z
ATT-003856,SES-00506,STU-00134,true,,,2025-11-26T18:03:00Z
ATT-003857,SES-00507,STU-00107,true,,,2025-11-27T18:07:00Z
ATT-003858,SES-00507,STU-00110,true,44,,2025-11-27T17:35:00Z
ATT-003859,SES-00507,STU-00113,true,,,2025-11-27T16:48:00Z
ATT-003860,SES-00507,STU-00116,false,,school_conflict,2025-11-27T17:33:00Z
ATT-003861,SES-00507,STU-00119,true,31,,2025-11-27T16:28:00Z
ATT-003862,SES-00507,STU-00122,true,,,2025-11-27T14:21:00Z
ATT-003863,SES-00507,STU-00125,true,,,2025-11-27T15:32:00Z
ATT-003864,SES-00507,STU-00128,true,,,2025-11-27T15:03:00Z
ATT-003865,SES-00507,STU-00131,true,,,2025-11-27T14:03:00Z
ATT-003866,SES-00507,STU-00134,true,,,2025-11-27T18:17:00Z
ATT-003867,SES-00508,STU-00108,true,,,2025-09-01T17:11:00Z
ATT-003868,SES-00508,STU-00111,true,,,2025-09-01T14:36:00Z
ATT-003869,SES-00508,STU-00114,true,,,2025-09-01T18:43:00Z
ATT-003870,SES-00508,STU-00117,true,,,2025-09-01T17:38:00Z
ATT-003871,SES-00508,STU-00120,true,31,,2025-09-01T18:00:00Z
ATT-003872,SES-00508,STU-00123,true,,,2025-09-01T15:38:00Z
ATT-003873,SES-00508,STU-00126,true,,,2025-09-01T17:59:00Z
ATT-003874,SES-00508,STU-00129,true,,,2025-09-01T17:27:00Z
ATT-003875,SES-00508,STU-00132,false,,illness,2025-09-01T18:04:00Z
ATT-003876,SES-00508,STU-00135,true,,,2025-09-01T17:01:00Z
ATT-003877,SES-00512,STU-00108,true,,,2025-09-09T17:26:00Z
ATT-003878,SES-00512,STU-00111,true,,,2025-09-09T16:40:00Z
ATT-003879,SES-00512,STU-00114,true,,,2025-09-09T14:03:00Z
ATT-003880,SES-00512,STU-00117,true,,,2025-09-09T17:07:00Z
ATT-003881,SES-00512,STU-00120,false,,illness,2025-09-09T16:37:00Z
ATT-003882,SES-00512,STU-00123,true,,,2025-09-09T18:04:00Z
ATT-003883,SES-00512,STU-00126,false,,family,2025-09-09T16:36:00Z
ATT-003884,SES-00512,STU-00129,true,,,2025-09-09T14:20:00Z
ATT-003885,SES-00512,STU-00132,true,39,,2025-09-09T18:32:00Z
ATT-003886,SES-00512,STU-00135,true,,,2025-09-09T18:52:00Z
ATT-003887,SES-00513,STU-00108,true,,,2025-09-10T18:33:00Z
ATT-003888,SES-00513,STU-00111,false,,family,2025-09-10T14:12:00Z
ATT-003889,SES-00513,STU-00114,true,,,2025-09-10T14:52:00Z
ATT-003890,SES-00513,STU-00117,true,,,2025-09-10T16:06:00Z
ATT-003891,SES-00513,STU-00120,true,,,2025-09-10T14:09:00Z
ATT-003892,SES-00513,STU-00123,true,,,2025-09-10T14:31:00Z
ATT-003893,SES-00513,STU-00126,true,,,2025-09-10T15:53:00Z
ATT-003894,SES-00513,STU-00129,true,,,2025-09-10T15:13:00Z
ATT-003895,SES-00513,STU-00132,true,,,2025-09-10T18:38:00Z
ATT-003896,SES-00513,STU-00135,true,,,2025-09-10T14:39:00Z
ATT-003897,SES-00514,STU-00108,true,41,,2025-09-15T16:10:00Z
ATT-003898,SES-00514,STU-00111,false,,unknown,2025-09-15T15:01:00Z
ATT-003899,SES-00514,STU-00114,true,37,,2025-09-15T18:54:00Z
ATT-003900,SES-00514,STU-00117,true,,,2025-09-15T14:53:00Z
ATT-003901,SES-00514,STU-00120,true,,,2025-09-15T14:40:00Z
ATT-003902,SES-00514,STU-00123,true,,,2025-09-15T14:54:00Z
ATT-003903,SES-00514,STU-00126,false,,no_show,2025-09-15T14:15:00Z
ATT-003904,SES-00514,STU-00129,true,,,2025-09-15T18:36:00Z
ATT-003905,SES-00514,STU-00132,true,,,2025-09-15T18:28:00Z
ATT-003906,SES-00514,STU-00135,false,,unknown,2025-09-15T14:28:00Z
ATT-003907,SES-00515,STU-00108,false,,unknown,2025-09-16T18:32:00Z
ATT-003908,SES-00515,STU-00111,true,,,2025-09-16T18:01:00Z
ATT-003909,SES-00515,STU-00114,true,,,2025-09-16T18:59:00Z
ATT-003910,SES-00515,STU-00117,true,,,2025-09-16T18:08:00Z
ATT-003911,SES-00515,STU-00120,true,,,2025-09-16T16:33:00Z
ATT-003912,SES-00515,STU-00123,true,,,2025-09-16T18:28:00Z
ATT-003913,SES-00515,STU-00126,false,,school_conflict,2025-09-16T14:34:00Z
ATT-003914,SES-00515,STU-00129,true,,,2025-09-16T16:34:00Z
ATT-003915,SES-00515,STU-00132,true,,,2025-09-16T17:42:00Z
ATT-003916,SES-00515,STU-00135,true,,,2025-09-16T15:24:00Z
ATT-003917,SES-00516,STU-00108,true,,,2025-09-17T17:05:00Z
ATT-003918,SES-00516,STU-00111,true,,,2025-09-17T15:32:00Z
ATT-003919,SES-00516,STU-00114,false,,family,2025-09-17T18:17:00Z
ATT-003920,SES-00516,STU-00117,true,,,2025-09-17T17:35:00Z
ATT-003921,SES-00516,STU-00120,false,,illness,2025-09-17T17:37:00Z
ATT-003922,SES-00516,STU-00123,false,,family,2025-09-17T17:42:00Z
ATT-003923,SES-00516,STU-00126,true,,,2025-09-17T18:22:00Z
ATT-003924,SES-00516,STU-00129,true,,,2025-09-17T14:50:00Z
ATT-003925,SES-00516,STU-00132,true,,,2025-09-17T17:02:00Z
ATT-003926,SES-00516,STU-00135,true,,,2025-09-17T15:11:00Z
ATT-003927,SES-00517,STU-00108,true,,,2025-09-22T18:35:00Z
ATT-003928,SES-00517,STU-00111,true,,,2025-09-22T16:06:00Z
ATT-003929,SES-00517,STU-00114,true,,,2025-09-22T17:11:00Z
ATT-003930,SES-00517,STU-00117,true,39,,2025-09-22T17:44:00Z
ATT-003931,SES-00517,STU-00120,true,,,2025-09-22T17:24:00Z
ATT-003932,SES-00517,STU-00123,true,,,2025-09-22T18:27:00Z
ATT-003933,SES-00517,STU-00126,true,,,2025-09-22T16:09:00Z
ATT-003934,SES-00517,STU-00129,true,38,,2025-09-22T16:06:00Z
ATT-003935,SES-00517,STU-00132,true,,,2025-09-22T16:37:00Z
ATT-003936,SES-00517,STU-00135,true,,,2025-09-22T17:17:00Z
ATT-003937,SES-00518,STU-00108,true,,,2025-09-23T18:36:00Z
ATT-003938,SES-00518,STU-00111,false,,unknown,2025-09-23T16:34:00Z
ATT-003939,SES-00518,STU-00114,true,,,2025-09-23T15:39:00Z
ATT-003940,SES-00518,STU-00117,true,,,2025-09-23T16:25:00Z
ATT-003941,SES-00518,STU-00120,true,,,2025-09-23T18:28:00Z
ATT-003942,SES-00518,STU-00123,true,30,,2025-09-23T18:53:00Z
ATT-003943,SES-00518,STU-00126,true,,,2025-09-23T15:53:00Z
ATT-003944,SES-00518,STU-00129,true,,,2025-09-23T15:22:00Z
ATT-003945,SES-00518,STU-00132,true,,,2025-09-23T15:52:00Z
ATT-003946,SES-00518,STU-00135,false,,unknown,2025-09-23T14:14:00Z
ATT-003947,SES-00519,STU-00108,true,,,2025-09-24T14:21:00Z
ATT-003948,SES-00519,STU-00111,true,,,2025-09-24T16:20:00Z
ATT-003949,SES-00519,STU-00114,true,,,2025-09-24T16:49:00Z
ATT-003950,SES-00519,STU-00117,false,,illness,2025-09-24T15:23:00Z
ATT-003951,SES-00519,STU-00120,false,,illness,2025-09-24T16:31:00Z
ATT-003952,SES-00519,STU-00123,true,,,2025-09-24T14:27:00Z
ATT-003953,SES-00519,STU-00126,true,33,,2025-09-24T16:17:00Z
ATT-003954,SES-00519,STU-00129,true,,,2025-09-24T17:54:00Z
ATT-003955,SES-00519,STU-00132,true,,,2025-09-24T17:57:00Z
ATT-003956,SES-00519,STU-00135,false,,unknown,2025-09-24T18:08:00Z
ATT-003957,SES-00520,STU-00108,true,,,2025-09-29T18:48:00Z
ATT-003958,SES-00520,STU-00111,true,38,,2025-09-29T14:55:00Z
ATT-003959,SES-00520,STU-00114,true,,,2025-09-29T15:06:00Z
ATT-003960,SES-00520,STU-00117,true,,,2025-09-29T17:33:00Z
ATT-003961,SES-00520,STU-00120,false,,illness,2025-09-29T15:53:00Z
ATT-003962,SES-00520,STU-00123,true,,,2025-09-29T17:40:00Z
ATT-003963,SES-00520,STU-00126,true,,,2025-09-29T17:39:00Z
ATT-003964,SES-00520,STU-00129,true,,,2025-09-29T15:44:00Z
ATT-003965,SES-00520,STU-00132,false,,school_conflict,2025-09-29T18:35:00Z
ATT-003966,SES-00520,STU-00135,true,,,2025-09-29T17:36:00Z
ATT-003967,SES-00521,STU-00108,true,,,2025-09-30T14:20:00Z
ATT-003968,SES-00521,STU-00111,true,,,2025-09-30T16:51:00Z
ATT-003969,SES-00521,STU-00114,true,,,2025-09-30T18:08:00Z
ATT-003970,SES-00521,STU-00117,true,,,2025-09-30T14:54:00Z
ATT-003971,SES-00521,STU-00120,true,,,2025-09-30T16:15:00Z
ATT-003972,SES-00521,STU-00123,true,,,2025-09-30T14:22:00Z
ATT-003973,SES-00521,STU-00126,true,,,2025-09-30T17:43:00Z
ATT-003974,SES-00521,STU-00129,true,,,2025-09-30T18:34:00Z
ATT-003975,SES-00521,STU-00132,true,,,2025-09-30T17:13:00Z
ATT-003976,SES-00521,STU-00135,true,,,2025-09-30T15:06:00Z
ATT-003977,SES-00523,STU-00108,true,,,2025-10-06T16:38:00Z
ATT-003978,SES-00523,STU-00111,true,,,2025-10-06T14:01:00Z
ATT-003979,SES-00523,STU-00114,true,,,2025-10-06T16:51:00Z
ATT-003980,SES-00523,STU-00117,true,,,2025-10-06T18:16:00Z
ATT-003981,SES-00523,STU-00120,true,,,2025-10-06T17:24:00Z
ATT-003982,SES-00523,STU-00123,true,,,2025-10-06T18:39:00Z
ATT-003983,SES-00523,STU-00126,true,,,2025-10-06T14:20:00Z
ATT-003984,SES-00523,STU-00129,true,,,2025-10-06T14:52:00Z
ATT-003985,SES-00523,STU-00132,true,,,2025-10-06T17:55:00Z
ATT-003986,SES-00523,STU-00135,true,,,2025-10-06T16:34:00Z
ATT-003987,SES-00525,STU-00108,false,,family,2025-10-08T16:49:00Z
ATT-003988,SES-00525,STU-00111,true,,,2025-10-08T18:51:00Z
ATT-003989,SES-00525,STU-00114,true,,,2025-10-08T15:54:00Z
ATT-003990,SES-00525,STU-00117,true,,,2025-10-08T17:56:00Z
ATT-003991,SES-00525,STU-00120,true,,,2025-10-08T15:49:00Z
ATT-003992,SES-00525,STU-00123,true,,,2025-10-08T14:06:00Z
ATT-003993,SES-00525,STU-00126,true,,,2025-10-08T18:22:00Z
ATT-003994,SES-00525,STU-00129,true,41,,2025-10-08T17:10:00Z
ATT-003995,SES-00525,STU-00132,false,,illness,2025-10-08T15:18:00Z
ATT-003996,SES-00525,STU-00135,true,,,2025-10-08T17:27:00Z
ATT-003997,SES-00526,STU-00108,false,,school_conflict,2025-10-13T17:19:00Z
ATT-003998,SES-00526,STU-00111,true,,,2025-10-13T18:04:00Z
ATT-003999,SES-00526,STU-00114,true,,,2025-10-13T15:17:00Z
ATT-004000,SES-00526,STU-00117,true,,,2025-10-13T16:58:00Z
ATT-004001,SES-00526,STU-00120,false,,school_conflict,2025-10-13T16:34:00Z
ATT-004002,SES-00526,STU-00123,true,,,2025-10-13T14:00:00Z
ATT-004003,SES-00526,STU-00126,true,,,2025-10-13T14:06:00Z
ATT-004004,SES-00526,STU-00129,true,,,2025-10-13T17:30:00Z
ATT-004005,SES-00526,STU-00132,true,,,2025-10-13T15:12:00Z
ATT-004006,SES-00526,STU-00135,false,,illness,2025-10-13T18:56:00Z
ATT-004007,SES-00527,STU-00108,false,,school_conflict,2025-10-14T14:59:00Z
ATT-004008,SES-00527,STU-00111,true,,,2025-10-14T17:50:00Z
ATT-004009,SES-00527,STU-00114,true,,,2025-10-14T17:04:00Z
ATT-004010,SES-00527,STU-00117,true,,,2025-10-14T15:03:00Z
ATT-004011,SES-00527,STU-00120,true,,,2025-10-14T17:21:00Z
ATT-004012,SES-00527,STU-00123,true,,,2025-10-14T18:46:00Z
ATT-004013,SES-00527,STU-00126,true,,,2025-10-14T14:29:00Z
ATT-004014,SES-00527,STU-00129,true,,,2025-10-14T15:23:00Z
ATT-004015,SES-00527,STU-00132,false,,no_show,2025-10-14T15:19:00Z
ATT-004016,SES-00527,STU-00135,true,,,2025-10-14T15:32:00Z
ATT-004017,SES-00528,STU-00108,true,,,2025-10-15T16:03:00Z
ATT-004018,SES-00528,STU-00111,true,,,2025-10-15T16:19:00Z
ATT-004019,SES-00528,STU-00114,true,,,2025-10-15T17:21:00Z
ATT-004020,SES-00528,STU-00117,true,,,2025-10-15T14:07:00Z
ATT-004021,SES-00528,STU-00120,true,,,2025-10-15T17:18:00Z
ATT-004022,SES-00528,STU-00123,true,,,2025-10-15T17:43:00Z
ATT-004023,SES-00528,STU-00126,false,,unknown,2025-10-15T14:28:00Z
ATT-004024,SES-00528,STU-00129,true,,,2025-10-15T15:15:00Z
ATT-004025,SES-00528,STU-00132,true,,,2025-10-15T15:31:00Z
ATT-004026,SES-00528,STU-00135,true,,,2025-10-15T18:34:00Z
ATT-004027,SES-00530,STU-00108,true,,,2025-10-21T14:57:00Z
ATT-004028,SES-00530,STU-00111,true,,,2025-10-21T18:03:00Z
ATT-004029,SES-00530,STU-00114,true,42,,2025-10-21T17:15:00Z
ATT-004030,SES-00530,STU-00117,false,,illness,2025-10-21T15:02:00Z
ATT-004031,SES-00530,STU-00120,true,,,2025-10-21T15:20:00Z
ATT-004032,SES-00530,STU-00123,true,,,2025-10-21T15:17:00Z
ATT-004033,SES-00530,STU-00126,true,,,2025-10-21T15:56:00Z
ATT-004034,SES-00530,STU-00129,true,44,,2025-10-21T14:32:00Z
ATT-004035,SES-00530,STU-00132,true,,,2025-10-21T17:30:00Z
ATT-004036,SES-00530,STU-00135,true,,,2025-10-21T14:53:00Z
ATT-004037,SES-00534,STU-00108,true,,,2025-10-29T16:16:00Z
ATT-004038,SES-00534,STU-00111,true,,,2025-10-29T16:16:00Z
ATT-004039,SES-00534,STU-00114,true,38,,2025-10-29T15:52:00Z
ATT-004040,SES-00534,STU-00117,true,,,2025-10-29T14:30:00Z
ATT-004041,SES-00534,STU-00120,true,,,2025-10-29T18:06:00Z
ATT-004042,SES-00534,STU-00123,true,,,2025-10-29T16:15:00Z
ATT-004043,SES-00534,STU-00126,true,,,2025-10-29T18:29:00Z
ATT-004044,SES-00534,STU-00129,false,,school_conflict,2025-10-29T16:55:00Z
ATT-004045,SES-00534,STU-00132,true,,,2025-10-29T18:36:00Z
ATT-004046,SES-00534,STU-00135,true,,,2025-10-29T18:32:00Z
ATT-004047,SES-00535,STU-00108,true,,,2025-11-03T18:03:00Z
ATT-004048,SES-00535,STU-00111,true,,,2025-11-03T17:37:00Z
ATT-004049,SES-00535,STU-00114,true,,,2025-11-03T14:17:00Z
ATT-004050,SES-00535,STU-00117,false,,family,2025-11-03T16:24:00Z
ATT-004051,SES-00535,STU-00120,true,,,2025-11-03T18:34:00Z
ATT-004052,SES-00535,STU-00123,true,,,2025-11-03T16:11:00Z
ATT-004053,SES-00535,STU-00126,true,,,2025-11-03T18:41:00Z
ATT-004054,SES-00535,STU-00129,true,,,2025-11-03T18:15:00Z
ATT-004055,SES-00535,STU-00132,true,,,2025-11-03T15:07:00Z
ATT-004056,SES-00535,STU-00135,false,,family,2025-11-03T17:01:00Z
ATT-004057,SES-00536,STU-00108,true,,,2025-11-04T18:13:00Z
ATT-004058,SES-00536,STU-00111,false,,school_conflict,2025-11-04T18:59:00Z
ATT-004059,SES-00536,STU-00114,true,,,2025-11-04T15:10:00Z
ATT-004060,SES-00536,STU-00117,true,31,,2025-11-04T14:11:00Z
ATT-004061,SES-00536,STU-00120,true,,,2025-11-04T14:04:00Z
ATT-004062,SES-00536,STU-00123,true,,,2025-11-04T17:24:00Z
ATT-004063,SES-00536,STU-00126,true,,,2025-11-04T18:53:00Z
ATT-004064,SES-00536,STU-00129,true,,,2025-11-04T18:58:00Z
ATT-004065,SES-00536,STU-00132,true,,,2025-11-04T17:07:00Z
ATT-004066,SES-00536,STU-00135,true,,,2025-11-04T16:12:00Z
ATT-004067,SES-00537,STU-00108,true,,,2025-11-05T16:03:00Z
ATT-004068,SES-00537,STU-00111,false,,illness,2025-11-05T18:18:00Z
ATT-004069,SES-00537,STU-00114,false,,family,2025-11-05T14:37:00Z
ATT-004070,SES-00537,STU-00117,true,37,,2025-11-05T16:26:00Z
ATT-004071,SES-00537,STU-00120,true,,,2025-11-05T18:41:00Z
ATT-004072,SES-00537,STU-00123,true,,,2025-11-05T17:55:00Z
ATT-004073,SES-00537,STU-00126,false,,school_conflict,2025-11-05T14:02:00Z
ATT-004074,SES-00537,STU-00129,true,,,2025-11-05T14:29:00Z
ATT-004075,SES-00537,STU-00132,false,,school_conflict,2025-11-05T15:00:00Z
ATT-004076,SES-00537,STU-00135,true,,,2025-11-05T16:47:00Z
ATT-004077,SES-00538,STU-00108,true,,,2025-11-10T14:21:00Z
ATT-004078,SES-00538,STU-00111,true,,,2025-11-10T17:27:00Z
ATT-004079,SES-00538,STU-00114,false,,family,2025-11-10T17:17:00Z
ATT-004080,SES-00538,STU-00117,true,40,,2025-11-10T17:58:00Z
ATT-004081,SES-00538,STU-00120,true,,,2025-11-10T14:45:00Z
ATT-004082,SES-00538,STU-00123,false,,no_show,2025-11-10T15:18:00Z
ATT-004083,SES-00538,STU-00126,true,,,2025-11-10T16:06:00Z
ATT-004084,SES-00538,STU-00129,true,,,2025-11-10T18:17:00Z
ATT-004085,SES-00538,STU-00132,true,,,2025-11-10T18:39:00Z
ATT-004086,SES-00538,STU-00135,true,,,2025-11-10T15:27:00Z
ATT-004087,SES-00539,STU-00108,true,,,2025-11-11T18:09:00Z
ATT-004088,SES-00539,STU-00111,true,,,2025-11-11T18:39:00Z
ATT-004089,SES-00539,STU-00114,true,,,2025-11-11T17:50:00Z
ATT-004090,SES-00539,STU-00117,true,,,2025-11-11T17:35:00Z
ATT-004091,SES-00539,STU-00120,true,,,2025-11-11T18:07:00Z
ATT-004092,SES-00539,STU-00123,true,,,2025-11-11T17:50:00Z
ATT-004093,SES-00539,STU-00126,true,,,2025-11-11T16:51:00Z
ATT-004094,SES-00539,STU-00129,true,,,2025-11-11T17:54:00Z
ATT-004095,SES-00539,STU-00132,true,,,2025-11-11T17:01:00Z
ATT-004096,SES-00539,STU-00135,true,,,2025-11-11T14:05:00Z
ATT-004097,SES-00540,STU-00108,true,,,2025-11-12T16:29:00Z
ATT-004098,SES-00540,STU-00111,false,,family,2025-11-12T18:35:00Z
ATT-004099,SES-00540,STU-00114,false,,illness,2025-11-12T14:19:00Z
ATT-004100,SES-00540,STU-00117,false,,family,2025-11-12T14:48:00Z
ATT-004101,SES-00540,STU-00120,false,,unknown,2025-11-12T16:59:00Z
ATT-004102,SES-00540,STU-00123,true,37,,2025-11-12T16:21:00Z
ATT-004103,SES-00540,STU-00126,true,,,2025-11-12T14:29:00Z
ATT-004104,SES-00540,STU-00129,true,,,2025-11-12T14:42:00Z
ATT-004105,SES-00540,STU-00132,true,,,2025-11-12T17:38:00Z
ATT-004106,SES-00540,STU-00135,true,38,,2025-11-12T18:09:00Z
ATT-004107,SES-00541,STU-00108,true,,,2025-11-17T18:25:00Z
ATT-004108,SES-00541,STU-00111,false,,school_conflict,2025-11-17T15:10:00Z
ATT-004109,SES-00541,STU-00114,true,,,2025-11-17T16:32:00Z
ATT-004110,SES-00541,STU-00117,true,,,2025-11-17T16:46:00Z
ATT-004111,SES-00541,STU-00120,true,,,2025-11-17T15:06:00Z
ATT-004112,SES-00541,STU-00123,false,,school_conflict,2025-11-17T16:23:00Z
ATT-004113,SES-00541,STU-00126,true,,,2025-11-17T16:27:00Z
ATT-004114,SES-00541,STU-00129,true,,,2025-11-17T18:09:00Z
ATT-004115,SES-00541,STU-00132,true,,,2025-11-17T17:53:00Z
ATT-004116,SES-00541,STU-00135,true,,,2025-11-17T14:04:00Z
ATT-004117,SES-00542,STU-00108,true,,,2025-11-18T16:26:00Z
ATT-004118,SES-00542,STU-00111,true,32,,2025-11-18T15:52:00Z
ATT-004119,SES-00542,STU-00114,true,,,2025-11-18T17:11:00Z
ATT-004120,SES-00542,STU-00117,true,,,2025-11-18T18:20:00Z
ATT-004121,SES-00542,STU-00120,false,,unknown,2025-11-18T16:00:00Z
ATT-004122,SES-00542,STU-00123,true,,,2025-11-18T18:11:00Z
ATT-004123,SES-00542,STU-00126,true,,,2025-11-18T17:15:00Z
ATT-004124,SES-00542,STU-00129,true,,,2025-11-18T14:24:00Z
ATT-004125,SES-00542,STU-00132,false,,school_conflict,2025-11-18T16:00:00Z
ATT-004126,SES-00542,STU-00135,true,35,,2025-11-18T18:41:00Z
ATT-004127,SES-00543,STU-00108,true,,,2025-11-19T14:07:00Z
ATT-004128,SES-00543,STU-00111,true,,,2025-11-19T18:11:00Z
ATT-004129,SES-00543,STU-00114,false,,unknown,2025-11-19T14:52:00Z
ATT-004130,SES-00543,STU-00117,true,,,2025-11-19T17:05:00Z
ATT-004131,SES-00543,STU-00120,true,35,,2025-11-19T15:52:00Z
ATT-004132,SES-00543,STU-00123,false,,school_conflict,2025-11-19T18:08:00Z
ATT-004133,SES-00543,STU-00126,true,31,,2025-11-19T17:37:00Z
ATT-004134,SES-00543,STU-00129,true,37,,2025-11-19T16:57:00Z
ATT-004135,SES-00543,STU-00132,true,,,2025-11-19T14:56:00Z
ATT-004136,SES-00543,STU-00135,true,,,2025-11-19T18:45:00Z
ATT-004137,SES-00544,STU-00108,true,,,2025-11-24T15:51:00Z
ATT-004138,SES-00544,STU-00111,true,,,2025-11-24T18:35:00Z
ATT-004139,SES-00544,STU-00114,true,,,2025-11-24T17:22:00Z
ATT-004140,SES-00544,STU-00117,true,,,2025-11-24T17:49:00Z
ATT-004141,SES-00544,STU-00120,true,,,2025-11-24T14:39:00Z
ATT-004142,SES-00544,STU-00123,true,,,2025-11-24T15:30:00Z
ATT-004143,SES-00544,STU-00126,true,,,2025-11-24T18:05:00Z
ATT-004144,SES-00544,STU-00129,true,,,2025-11-24T14:02:00Z
ATT-004145,SES-00544,STU-00132,true,35,,2025-11-24T18:42:00Z
ATT-004146,SES-00544,STU-00135,true,,,2025-11-24T15:04:00Z
ATT-004147,SES-00546,STU-00108,true,,,2025-11-26T16:28:00Z
ATT-004148,SES-00546,STU-00111,true,,,2025-11-26T15:21:00Z
ATT-004149,SES-00546,STU-00114,false,,illness,2025-11-26T18:03:00Z
ATT-004150,SES-00546,STU-00117,true,,,2025-11-26T18:27:00Z
ATT-004151,SES-00546,STU-00120,true,,,2025-11-26T15:37:00Z
ATT-004152,SES-00546,STU-00123,true,,,2025-11-26T16:57:00Z
ATT-004153,SES-00546,STU-00126,true,,,2025-11-26T15:35:00Z
ATT-004154,SES-00546,STU-00129,true,,,2025-11-26T15:24:00Z
ATT-004155,SES-00546,STU-00132,false,,unknown,2025-11-26T16:25:00Z
ATT-004156,SES-00546,STU-00135,false,,school_conflict,2025-11-26T16:21:00Z
